timestamp_ms,frequency_hz
0.000,0.0000
10.667,0.0000
21.333,0.0000
32.000,0.0000
42.667,0.0000
53.333,0.0000
64.000,0.0000
74.667,0.0000
85.333,0.0000
96.000,0.0000
106.667,0.0000
117.333,0.0000
128.000,0.0000
138.667,0.0000
149.333,0.0000
160.000,0.0000
170.667,0.0000
181.333,0.0000
192.000,0.0000
202.667,0.0000
213.333,0.0000
224.000,0.0000
234.667,0.0000
245.333,0.0000
256.000,0.0000
266.667,0.0000
277.333,0.0000
288.000,0.0000
298.667,0.0000
309.333,0.0000
320.000,0.0000
330.667,0.0000
341.333,0.0000
352.000,0.0000
362.667,0.0000
373.333,0.0000
384.000,0.0000
394.667,0.0000
405.333,0.0000
416.000,0.0000
426.667,0.0000
437.333,0.0000
448.000,0.0000
458.667,0.0000
469.333,0.0000
480.000,0.0000
490.667,0.0000
501.333,0.0000
512.000,0.0000
522.667,0.0000
533.333,0.0000
544.000,0.0000
554.667,0.0000
565.333,0.0000
576.000,0.0000
586.667,0.0000
597.333,0.0000
608.000,0.0000
618.667,0.0000
629.333,0.0000
640.000,0.0000
650.667,0.0000
661.333,0.0000
672.000,0.0000
682.667,0.0000
693.333,0.0000
704.000,0.0000
714.667,0.0000
725.333,0.0000
736.000,0.0000
746.667,0.0000
757.333,0.0000
768.000,0.0000
778.667,0.0000
789.333,0.0000
800.000,0.0000
810.667,0.0000
821.333,0.0000
832.000,0.0000
842.667,0.0000
853.333,0.0000
864.000,0.0000
874.667,0.0000
885.333,0.0000
896.000,0.0000
906.667,0.0000
917.333,0.0000
928.000,0.0000
938.667,0.0000
949.333,0.0000
960.000,0.0000
970.667,0.0000
981.333,0.0000
992.000,0.0000
1002.667,0.0000
1013.333,0.0000
1024.000,0.0000
1034.667,0.0000
1045.333,0.0000
1056.000,0.0000
1066.667,0.0000
1077.333,252.5213
1088.000,259.9208
1098.667,269.0869
1109.333,272.2135
1120.000,275.3765
1130.667,276.9717
1141.333,276.9717
1152.000,273.7904
1162.667,273.7904
1173.333,273.7904
1184.000,273.7904
1194.667,272.2135
1205.333,272.2135
1216.000,272.2135
1226.667,273.7904
1237.333,275.3765
1248.000,276.9717
1258.667,276.9717
1269.333,278.5762
1280.000,280.1900
1290.667,280.1900
1301.333,280.1900
1312.000,280.1900
1322.667,273.7904
1333.333,272.2135
1344.000,273.7904
1354.667,276.9717
1365.333,276.9717
1376.000,276.9717
1386.667,276.9717
1397.333,276.9717
1408.000,276.9717
1418.667,276.9717
1429.333,278.5762
1440.000,278.5762
1450.667,278.5762
1461.333,278.5762
1472.000,278.5762
1482.667,276.9717
1493.333,275.3765
1504.000,275.3765
1514.667,278.5762
1525.333,280.1900
1536.000,281.8131
1546.667,280.1900
1557.333,280.1900
1568.000,280.1900
1578.667,278.5762
1589.333,278.5762
1600.000,276.9717
1610.667,276.9717
1621.333,276.9717
1632.000,275.3765
1642.667,272.2135
1653.333,270.6457
1664.000,269.0869
1674.667,267.5370
1685.333,267.5370
1696.000,267.5370
1706.667,265.9961
1717.333,252.5213
1728.000,236.9756
1738.667,226.2742
1749.333,212.3443
1760.000,200.4263
1770.667,200.4263
1781.333,200.4263
1792.000,200.4263
1802.667,200.4263
1813.333,207.4943
1824.000,211.1213
1834.667,212.3443
1845.333,214.8116
1856.000,216.0560
1866.667,216.0560
1877.333,216.0560
1888.000,214.8116
1898.667,214.8116
1909.333,214.8116
1920.000,214.8116
1930.667,214.8116
1941.333,214.8116
1952.000,214.8116
1962.667,216.0560
1973.333,216.0560
1984.000,217.3076
1994.667,217.3076
2005.333,218.5664
2016.000,221.1061
2026.667,216.0560
2037.333,213.5744
2048.000,214.8116
2058.667,217.3076
2069.333,216.0560
2080.000,218.5664
2090.667,218.5664
2101.333,217.3076
2112.000,216.0560
2122.667,216.0560
2133.333,216.0560
2144.000,216.0560
2154.667,216.0560
2165.333,216.0560
2176.000,216.0560
2186.667,216.0560
2197.333,216.0560
2208.000,216.0560
2218.667,214.8116
2229.333,216.0560
2240.000,217.3076
2250.667,214.8116
2261.333,214.8116
2272.000,214.8116
2282.667,214.8116
2293.333,214.8116
2304.000,216.0560
2314.667,216.0560
2325.333,216.0560
2336.000,0.0000
2346.667,0.0000
2357.333,0.0000
2368.000,0.0000
2378.667,0.0000
2389.333,0.0000
2400.000,0.0000
2410.667,0.0000
2421.333,0.0000
2432.000,0.0000
2442.667,0.0000
2453.333,0.0000
2464.000,0.0000
2474.667,0.0000
2485.333,0.0000
2496.000,0.0000
2506.667,0.0000
2517.333,0.0000
2528.000,0.0000
2538.667,0.0000
2549.333,380.5463
2560.000,391.6971
2570.667,380.5463
2581.333,376.1753
2592.000,376.1753
2602.667,371.8546
2613.333,374.0087
2624.000,371.8546
2634.667,371.8546
2645.333,371.8546
2656.000,369.7129
2666.667,369.7129
2677.333,369.7129
2688.000,369.7129
2698.667,369.7129
2709.333,369.7129
2720.000,369.7129
2730.667,369.7129
2741.333,369.7129
2752.000,371.8546
2762.667,371.8546
2773.333,374.0087
2784.000,374.0087
2794.667,374.0087
2805.333,374.0087
2816.000,374.0087
2826.667,374.0087
2837.333,374.0087
2848.000,374.0087
2858.667,374.0087
2869.333,374.0087
2880.000,374.0087
2890.667,0.0000
2901.333,0.0000
2912.000,0.0000
2922.667,0.0000
2933.333,0.0000
2944.000,0.0000
2954.667,0.0000
2965.333,0.0000
2976.000,0.0000
2986.667,0.0000
2997.333,0.0000
3008.000,0.0000
3018.667,0.0000
3029.333,0.0000
3040.000,0.0000
3050.667,0.0000
3061.333,0.0000
3072.000,0.0000
3082.667,0.0000
3093.333,0.0000
3104.000,0.0000
3114.667,0.0000
3125.333,335.1341
3136.000,333.2039
3146.667,333.2039
3157.333,333.2039
3168.000,335.1341
3178.667,337.0755
3189.333,340.9922
3200.000,344.9543
3210.667,350.9840
3221.333,355.0622
3232.000,361.2686
3242.667,365.4663
3253.333,369.7129
3264.000,371.8546
3274.667,374.0087
3285.333,374.0087
3296.000,374.0087
3306.667,374.0087
3317.333,374.0087
3328.000,376.1753
3338.667,376.1753
3349.333,376.1753
3360.000,374.0087
3370.667,371.8546
3381.333,369.7129
3392.000,367.5835
3402.667,365.4663
3413.333,361.2686
3424.000,357.1191
3434.667,350.9840
3445.333,344.9543
3456.000,340.9922
3466.667,337.0755
3477.333,331.2848
3488.000,329.3767
3498.667,329.3767
3509.333,329.3767
3520.000,329.3767
3530.667,327.4796
3541.333,325.5935
3552.000,325.5935
3562.667,323.7182
3573.333,323.7182
3584.000,323.7182
3594.667,325.5935
3605.333,331.2848
3616.000,337.0755
3626.667,342.9675
3637.333,348.9625
3648.000,340.9922
3658.667,333.2039
3669.333,0.0000
3680.000,0.0000
3690.667,0.0000
3701.333,0.0000
3712.000,0.0000
3722.667,0.0000
3733.333,0.0000
3744.000,0.0000
3754.667,0.0000
3765.333,0.0000
3776.000,0.0000
3786.667,0.0000
3797.333,0.0000
3808.000,0.0000
3818.667,314.5026
3829.333,305.5493
3840.000,300.3002
3850.667,296.8509
3861.333,295.1412
3872.000,291.7512
3882.667,290.0708
3893.333,288.4001
3904.000,288.4001
3914.667,288.4001
3925.333,288.4001
3936.000,288.4001
3946.667,290.0708
3957.333,291.7512
3968.000,293.4413
3978.667,295.1412
3989.333,295.1412
4000.000,295.1412
4010.667,293.4413
4021.333,293.4413
4032.000,293.4413
4042.667,293.4413
4053.333,293.4413
4064.000,293.4413
4074.667,295.1412
4085.333,295.1412
4096.000,295.1412
4106.667,295.1412
4117.333,295.1412
4128.000,295.1412
4138.667,295.1412
4149.333,295.1412
4160.000,295.1412
4170.667,295.1412
4181.333,295.1412
4192.000,295.1412
4202.667,295.1412
4213.333,295.1412
4224.000,296.8509
4234.667,296.8509
4245.333,296.8509
4256.000,296.8509
4266.667,296.8509
4277.333,296.8509
4288.000,295.1412
4298.667,295.1412
4309.333,295.1412
4320.000,295.1412
4330.667,295.1412
4341.333,295.1412
4352.000,295.1412
4362.667,296.8509
4373.333,296.8509
4384.000,296.8509
4394.667,296.8509
4405.333,296.8509
4416.000,296.8509
4426.667,296.8509
4437.333,296.8509
4448.000,298.5706
4458.667,298.5706
4469.333,296.8509
4480.000,296.8509
4490.667,296.8509
4501.333,295.1412
4512.000,295.1412
4522.667,295.1412
4533.333,296.8509
4544.000,298.5706
4554.667,298.5706
4565.333,300.3002
4576.000,300.3002
4586.667,298.5706
4597.333,298.5706
4608.000,298.5706
4618.667,298.5706
4629.333,298.5706
4640.000,298.5706
4650.667,298.5706
4661.333,298.5706
4672.000,298.5706
4682.667,298.5706
4693.333,296.8509
4704.000,296.8509
4714.667,295.1412
4725.333,285.0876
4736.000,285.0876
4746.667,283.4456
4757.333,283.4456
4768.000,283.4456
4778.667,281.8131
4789.333,281.8131
4800.000,281.8131
4810.667,280.1900
4821.333,280.1900
4832.000,280.1900
4842.667,278.5762
4853.333,278.5762
4864.000,278.5762
4874.667,276.9717
4885.333,275.3765
4896.000,273.7904
4906.667,272.2135
4917.333,267.5370
4928.000,262.9409
4938.667,256.9353
4949.333,253.9842
4960.000,252.5213
4970.667,251.0669
4981.333,251.0669
4992.000,251.0669
5002.667,252.5213
5013.333,253.9842
5024.000,255.4555
5034.667,255.4555
5045.333,256.9353
5056.000,256.9353
5066.667,258.4237
5077.333,255.4555
5088.000,253.9842
5098.667,252.5213
5109.333,251.0669
5120.000,251.0669
5130.667,251.0669
5141.333,251.0669
5152.000,252.5213
5162.667,252.5213
5173.333,251.0669
5184.000,251.0669
5194.667,249.6209
5205.333,249.6209
5216.000,251.0669
5226.667,251.0669
5237.333,251.0669
5248.000,251.0669
5258.667,252.5213
5269.333,253.9842
5280.000,253.9842
5290.667,253.9842
5301.333,253.9842
5312.000,252.5213
5322.667,0.0000
5333.333,0.0000
5344.000,0.0000
5354.667,0.0000
5365.333,0.0000
5376.000,0.0000
5386.667,0.0000
5397.333,0.0000
5408.000,0.0000
5418.667,0.0000
5429.333,249.6209
5440.000,246.7537
5450.667,243.9195
5461.333,248.1832
5472.000,249.6209
5482.667,251.0669
5493.333,252.5213
5504.000,251.0669
5514.667,252.5213
5525.333,252.5213
5536.000,252.5213
5546.667,281.8131
5557.333,281.8131
5568.000,281.8131
5578.667,283.4456
5589.333,252.5213
5600.000,253.9842
5610.667,252.5213
5621.333,252.5213
5632.000,252.5213
5642.667,249.6209
5653.333,246.7537
5664.000,243.9195
5674.667,246.7537
5685.333,248.1832
5696.000,249.6209
5706.667,251.0669
5717.333,252.5213
5728.000,252.5213
5738.667,252.5213
5749.333,252.5213
5760.000,253.9842
5770.667,253.9842
5781.333,252.5213
5792.000,252.5213
5802.667,252.5213
5813.333,253.9842
5824.000,255.4555
5834.667,255.4555
5845.333,252.5213
5856.000,252.5213
5866.667,253.9842
5877.333,253.9842
5888.000,255.4555
5898.667,262.9409
5909.333,281.8131
5920.000,0.0000
5930.667,0.0000
5941.333,0.0000
5952.000,0.0000
5962.667,0.0000
5973.333,0.0000
5984.000,0.0000
5994.667,0.0000
6005.333,0.0000
6016.000,0.0000
6026.667,0.0000
6037.333,0.0000
6048.000,0.0000
6058.667,0.0000
6069.333,0.0000
6080.000,0.0000
6090.667,0.0000
6101.333,0.0000
6112.000,0.0000
6122.667,0.0000
6133.333,0.0000
6144.000,0.0000
6154.667,0.0000
6165.333,0.0000
6176.000,0.0000
6186.667,0.0000
6197.333,0.0000
6208.000,0.0000
6218.667,0.0000
6229.333,0.0000
6240.000,0.0000
6250.667,0.0000
6261.333,0.0000
6272.000,0.0000
6282.667,0.0000
6293.333,0.0000
6304.000,0.0000
6314.667,0.0000
6325.333,0.0000
6336.000,0.0000
6346.667,0.0000
6357.333,0.0000
6368.000,0.0000
6378.667,0.0000
6389.333,0.0000
6400.000,0.0000
6410.667,0.0000
6421.333,0.0000
6432.000,0.0000
6442.667,0.0000
6453.333,0.0000
6464.000,0.0000
6474.667,0.0000
6485.333,0.0000
6496.000,236.9756
6506.667,217.3076
6517.333,217.3076
6528.000,200.4263
6538.667,189.1772
6549.333,177.5311
6560.000,178.5595
6570.667,177.5311
6581.333,184.8564
6592.000,176.5086
6602.667,180.6343
6613.333,0.0000
6624.000,0.0000
6634.667,256.9353
6645.333,256.9353
6656.000,256.9353
6666.667,248.1832
6677.333,249.6209
6688.000,251.0669
6698.667,252.5213
6709.333,255.4555
6720.000,256.9353
6730.667,259.9208
6741.333,261.4265
6752.000,264.4641
6762.667,269.0869
6773.333,275.3765
6784.000,278.5762
6794.667,280.1900
6805.333,281.8131
6816.000,281.8131
6826.667,281.8131
6837.333,281.8131
6848.000,281.8131
6858.667,280.1900
6869.333,280.1900
6880.000,280.1900
6890.667,280.1900
6901.333,280.1900
6912.000,280.1900
6922.667,281.8131
6933.333,281.8131
6944.000,283.4456
6954.667,283.4456
6965.333,283.4456
6976.000,283.4456
6986.667,285.0876
6997.333,286.7391
7008.000,286.7391
7018.667,288.4001
7029.333,290.0708
7040.000,290.0708
7050.667,290.0708
7061.333,290.0708
7072.000,290.0708
7082.667,290.0708
7093.333,288.4001
7104.000,286.7391
7114.667,278.5762
7125.333,0.0000
7136.000,0.0000
7146.667,0.0000
7157.333,0.0000
7168.000,0.0000
7178.667,0.0000
7189.333,0.0000
7200.000,0.0000
7210.667,236.9756
7221.333,242.5147
7232.000,241.1179
7242.667,239.7291
7253.333,239.7291
7264.000,239.7291
7274.667,241.1179
7285.333,243.9195
7296.000,245.3325
7306.667,246.7537
7317.333,249.6209
7328.000,252.5213
7338.667,258.4237
7349.333,261.4265
7360.000,264.4641
7370.667,265.9961
7381.333,267.5370
7392.000,267.5370
7402.667,275.3765
7413.333,278.5762
7424.000,280.1900
7434.667,280.1900
7445.333,280.1900
7456.000,280.1900
7466.667,278.5762
7477.333,278.5762
7488.000,276.9717
7498.667,275.3765
7509.333,273.7904
7520.000,272.2135
7530.667,270.6457
7541.333,267.5370
7552.000,265.9961
7562.667,262.9409
7573.333,259.9208
7584.000,258.4237
7594.667,255.4555
7605.333,253.9842
7616.000,252.5213
7626.667,251.0669
7637.333,251.0669
7648.000,251.0669
7658.667,251.0669
7669.333,251.0669
7680.000,251.0669
7690.667,251.0669
7701.333,249.6209
7712.000,248.1832
7722.667,246.7537
7733.333,245.3325
7744.000,245.3325
7754.667,246.7537
7765.333,246.7537
7776.000,248.1832
7786.667,249.6209
7797.333,251.0669
7808.000,252.5213
7818.667,253.9842
7829.333,252.5213
7840.000,252.5213
7850.667,252.5213
7861.333,251.0669
7872.000,252.5213
7882.667,251.0669
7893.333,252.5213
7904.000,0.0000
7914.667,0.0000
7925.333,0.0000
7936.000,208.6963
7946.667,216.0560
7957.333,218.5664
7968.000,218.5664
7978.667,217.3076
7989.333,217.3076
8000.000,216.0560
8010.667,214.8116
8021.333,216.0560
8032.000,216.0560
8042.667,216.0560
8053.333,217.3076
8064.000,218.5664
8074.667,218.5664
8085.333,219.8326
8096.000,219.8326
8106.667,219.8326
8117.333,221.1061
8128.000,221.1061
8138.667,221.1061
8149.333,221.1061
8160.000,217.3076
8170.667,216.0560
8181.333,217.3076
8192.000,219.8326
8202.667,224.9709
8213.333,228.9033
8224.000,231.5631
8234.667,235.6107
8245.333,238.3484
8256.000,243.9195
8266.667,249.6209
8277.333,251.0669
8288.000,251.0669
8298.667,249.6209
8309.333,248.1832
8320.000,245.3325
8330.667,243.9195
8341.333,243.9195
8352.000,243.9195
8362.667,243.9195
8373.333,243.9195
8384.000,243.9195
8394.667,243.9195
8405.333,243.9195
8416.000,243.9195
8426.667,242.5147
8437.333,241.1179
8448.000,224.9709
8458.667,222.3869
8469.333,223.6752
8480.000,223.6752
8490.667,222.3869
8501.333,223.6752
8512.000,222.3869
8522.667,223.6752
8533.333,223.6752
8544.000,222.3869
8554.667,0.0000
8565.333,0.0000
8576.000,0.0000
8586.667,0.0000
8597.333,285.0876
8608.000,281.8131
8618.667,280.1900
8629.333,280.1900
8640.000,276.9717
8650.667,272.2135
8661.333,267.5370
8672.000,272.2135
8682.667,0.0000
8693.333,0.0000
8704.000,0.0000
8714.667,0.0000
8725.333,0.0000
8736.000,0.0000
8746.667,0.0000
8757.333,0.0000
8768.000,0.0000
8778.667,0.0000
8789.333,245.3325
8800.000,243.9195
8810.667,242.5147
8821.333,241.1179
8832.000,238.3484
8842.667,238.3484
8853.333,238.3484
8864.000,238.3484
8874.667,238.3484
8885.333,239.7291
8896.000,241.1179
8906.667,245.3325
8917.333,249.6209
8928.000,252.5213
8938.667,255.4555
8949.333,258.4237
8960.000,0.0000
8970.667,0.0000
8981.333,0.0000
8992.000,288.4001
9002.667,280.1900
9013.333,275.3765
9024.000,275.3765
9034.667,256.9353
9045.333,255.4555
9056.000,253.9842
9066.667,253.9842
9077.333,253.9842
9088.000,252.5213
9098.667,252.5213
9109.333,251.0669
9120.000,249.6209
9130.667,246.7537
9141.333,236.9756
9152.000,230.2294
9162.667,228.9033
9173.333,227.5850
9184.000,236.9756
9194.667,238.3484
9205.333,218.5664
9216.000,219.8326
9226.667,219.8326
9237.333,221.1061
9248.000,221.1061
9258.667,221.1061
9269.333,221.1061
9280.000,221.1061
9290.667,221.1061
9301.333,221.1061
9312.000,221.1061
9322.667,219.8326
9333.333,219.8326
9344.000,219.8326
9354.667,219.8326
9365.333,221.1061
9376.000,222.3869
9386.667,222.3869
9397.333,222.3869
9408.000,222.3869
9418.667,222.3869
9429.333,222.3869
9440.000,222.3869
9450.667,221.1061
9461.333,221.1061
9472.000,221.1061
9482.667,221.1061
9493.333,219.8326
9504.000,218.5664
9514.667,239.7291
9525.333,241.1179
9536.000,241.1179
9546.667,239.7291
9557.333,236.9756
9568.000,235.6107
9578.667,235.6107
9589.333,232.9045
9600.000,235.6107
9610.667,224.9709
9621.333,234.2537
9632.000,238.3484
9642.667,236.9756
9653.333,231.5631
9664.000,231.5631
9674.667,0.0000
9685.333,0.0000
9696.000,0.0000
9706.667,0.0000
9717.333,0.0000
9728.000,0.0000
9738.667,0.0000
9749.333,0.0000
9760.000,0.0000
9770.667,0.0000
9781.333,0.0000
9792.000,0.0000
9802.667,0.0000
9813.333,0.0000
9824.000,0.0000
9834.667,0.0000
9845.333,0.0000
9856.000,264.4641
9866.667,242.5147
9877.333,236.9756
9888.000,235.6107
9898.667,234.2537
9909.333,234.2537
9920.000,236.9756
9930.667,238.3484
9941.333,239.7291
9952.000,241.1179
9962.667,0.0000
9973.333,0.0000
9984.000,0.0000
9994.667,0.0000
10005.333,0.0000
10016.000,0.0000
10026.667,300.3002
10037.333,300.3002
10048.000,300.3002
10058.667,300.3002
10069.333,300.3002
10080.000,300.3002
10090.667,298.5706
10101.333,296.8509
10112.000,296.8509
10122.667,295.1412
10133.333,295.1412
10144.000,295.1412
10154.667,295.1412
10165.333,295.1412
10176.000,296.8509
10186.667,295.1412
10197.333,295.1412
10208.000,293.4413
10218.667,293.4413
10229.333,293.4413
10240.000,293.4413
10250.667,293.4413
10261.333,293.4413
10272.000,293.4413
10282.667,293.4413
10293.333,291.7512
10304.000,291.7512
10314.667,290.0708
10325.333,290.0708
10336.000,290.0708
10346.667,291.7512
10357.333,291.7512
10368.000,293.4413
10378.667,295.1412
10389.333,296.8509
10400.000,295.1412
10410.667,295.1412
10421.333,295.1412
10432.000,295.1412
10442.667,295.1412
10453.333,293.4413
10464.000,293.4413
10474.667,293.4413
10485.333,293.4413
10496.000,293.4413
10506.667,291.7512
10517.333,291.7512
10528.000,291.7512
10538.667,293.4413
10549.333,293.4413
10560.000,293.4413
10570.667,293.4413
10581.333,293.4413
10592.000,293.4413
10602.667,291.7512
10613.333,291.7512
10624.000,291.7512
10634.667,290.0708
10645.333,291.7512
10656.000,291.7512
10666.667,293.4413
10677.333,293.4413
10688.000,293.4413
10698.667,293.4413
10709.333,293.4413
10720.000,291.7512
10730.667,291.7512
10741.333,291.7512
10752.000,291.7512
10762.667,291.7512
10773.333,291.7512
10784.000,291.7512
10794.667,293.4413
10805.333,293.4413
10816.000,293.4413
10826.667,293.4413
10837.333,291.7512
10848.000,291.7512
10858.667,290.0708
10869.333,290.0708
10880.000,288.4001
10890.667,288.4001
10901.333,288.4001
10912.000,288.4001
10922.667,288.4001
10933.333,291.7512
10944.000,291.7512
10954.667,293.4413
10965.333,293.4413
10976.000,295.1412
10986.667,293.4413
10997.333,291.7512
11008.000,291.7512
11018.667,291.7512
11029.333,290.0708
11040.000,291.7512
11050.667,298.5706
11061.333,298.5706
11072.000,296.8509
11082.667,296.8509
11093.333,293.4413
11104.000,293.4413
11114.667,293.4413
11125.333,293.4413
11136.000,291.7512
11146.667,291.7512
11157.333,295.1412
11168.000,295.1412
11178.667,293.4413
11189.333,293.4413
11200.000,291.7512
11210.667,290.0708
11221.333,291.7512
11232.000,290.0708
11242.667,291.7512
11253.333,291.7512
11264.000,290.0708
11274.667,290.0708
11285.333,291.7512
11296.000,290.0708
11306.667,295.1412
11317.333,300.3002
11328.000,300.3002
11338.667,300.3002
11349.333,296.8509
11360.000,291.7512
11370.667,290.0708
11381.333,290.0708
11392.000,290.0708
11402.667,291.7512
11413.333,291.7512
11424.000,293.4413
11434.667,291.7512
11445.333,291.7512
11456.000,293.4413
11466.667,291.7512
11477.333,0.0000
11488.000,0.0000
11498.667,0.0000
11509.333,0.0000
11520.000,0.0000
11530.667,0.0000
11541.333,0.0000
11552.000,0.0000
11562.667,0.0000
11573.333,0.0000
11584.000,0.0000
11594.667,0.0000
11605.333,0.0000
11616.000,0.0000
11626.667,0.0000
11637.333,0.0000
11648.000,0.0000
11658.667,0.0000
11669.333,0.0000
11680.000,0.0000
11690.667,0.0000
11701.333,0.0000
11712.000,0.0000
11722.667,0.0000
11733.333,0.0000
11744.000,0.0000
11754.667,0.0000
11765.333,0.0000
11776.000,0.0000
11786.667,0.0000
11797.333,0.0000
11808.000,0.0000
11818.667,0.0000
11829.333,0.0000
11840.000,0.0000
11850.667,0.0000
11861.333,0.0000
11872.000,0.0000
11882.667,0.0000
11893.333,0.0000
11904.000,0.0000
11914.667,0.0000
11925.333,0.0000
11936.000,0.0000
11946.667,0.0000
11957.333,0.0000
11968.000,0.0000
11978.667,0.0000
11989.333,0.0000
12000.000,0.0000
12010.667,0.0000
12021.333,0.0000
12032.000,0.0000
12042.667,0.0000
12053.333,0.0000
12064.000,0.0000
12074.667,0.0000
12085.333,0.0000
12096.000,0.0000
12106.667,0.0000
12117.333,0.0000
12128.000,0.0000
12138.667,0.0000
12149.333,0.0000
12160.000,0.0000
12170.667,0.0000
12181.333,0.0000
12192.000,0.0000
12202.667,0.0000
12213.333,0.0000
12224.000,0.0000
12234.667,0.0000
12245.333,0.0000
12256.000,0.0000
12266.667,0.0000
12277.333,0.0000
12288.000,0.0000
12298.667,0.0000
12309.333,0.0000
12320.000,0.0000
12330.667,0.0000
12341.333,0.0000
12352.000,0.0000
12362.667,0.0000
12373.333,0.0000
12384.000,0.0000
12394.667,0.0000
12405.333,0.0000
12416.000,0.0000
12426.667,0.0000
12437.333,0.0000
12448.000,0.0000
12458.667,0.0000
12469.333,0.0000
12480.000,0.0000
12490.667,0.0000
12501.333,0.0000
12512.000,0.0000
12522.667,0.0000
12533.333,0.0000
12544.000,0.0000
12554.667,0.0000
12565.333,0.0000
12576.000,0.0000
12586.667,0.0000
12597.333,0.0000
12608.000,0.0000
12618.667,0.0000
12629.333,0.0000
12640.000,0.0000
12650.667,0.0000
12661.333,0.0000
12672.000,0.0000
12682.667,0.0000
12693.333,0.0000
12704.000,0.0000
12714.667,0.0000
12725.333,0.0000
12736.000,0.0000
12746.667,0.0000
12757.333,0.0000
12768.000,190.2731
12778.667,191.3754
12789.333,192.4840
12800.000,193.5991
12810.667,194.7206
12821.333,182.7332
12832.000,211.1213
12842.667,224.9709
12853.333,238.3484
12864.000,239.7291
12874.667,241.1179
12885.333,241.1179
12896.000,239.7291
12906.667,232.9045
12917.333,217.3076
12928.000,207.4943
12938.667,194.7206
12949.333,0.0000
12960.000,0.0000
12970.667,0.0000
12981.333,0.0000
12992.000,0.0000
13002.667,0.0000
13013.333,0.0000
13024.000,0.0000
13034.667,246.7537
13045.333,236.9756
13056.000,232.9045
13066.667,230.2294
13077.333,227.5850
13088.000,222.3869
13098.667,222.3869
13109.333,221.1061
13120.000,221.1061
13130.667,222.3869
13141.333,222.3869
13152.000,222.3869
13162.667,221.1061
13173.333,218.5664
13184.000,214.8116
13194.667,213.5744
13205.333,213.5744
13216.000,216.0560
13226.667,218.5664
13237.333,219.8326
13248.000,221.1061
13258.667,221.1061
13269.333,219.8326
13280.000,218.5664
13290.667,217.3076
13301.333,216.0560
13312.000,212.3443
13322.667,212.3443
13333.333,212.3443
13344.000,221.1061
13354.667,218.5664
13365.333,219.8326
13376.000,208.6963
13386.667,216.0560
13397.333,216.0560
13408.000,214.8116
13418.667,213.5744
13429.333,213.5744
13440.000,212.3443
13450.667,212.3443
13461.333,212.3443
13472.000,212.3443
13482.667,212.3443
13493.333,216.0560
13504.000,217.3076
13514.667,217.3076
13525.333,216.0560
13536.000,216.0560
13546.667,217.3076
13557.333,218.5664
13568.000,219.8326
13578.667,219.8326
13589.333,218.5664
13600.000,214.8116
13610.667,212.3443
13621.333,212.3443
13632.000,212.3443
13642.667,213.5744
13653.333,218.5664
13664.000,221.1061
13674.667,223.6752
13685.333,223.6752
13696.000,223.6752
13706.667,223.6752
13717.333,222.3869
13728.000,221.1061
13738.667,219.8326
13749.333,218.5664
13760.000,218.5664
13770.667,217.3076
13781.333,217.3076
13792.000,217.3076
13802.667,218.5664
13813.333,221.1061
13824.000,222.3869
13834.667,223.6752
13845.333,223.6752
13856.000,223.6752
13866.667,223.6752
13877.333,222.3869
13888.000,218.5664
13898.667,207.4943
13909.333,191.3754
13920.000,191.3754
13930.667,191.3754
13941.333,195.8486
13952.000,203.9297
13962.667,207.4943
13973.333,209.9053
13984.000,211.1213
13994.667,211.1213
14005.333,209.9053
14016.000,207.4943
14026.667,205.1111
14037.333,202.7552
14048.000,200.4263
14058.667,199.2719
14069.333,198.1242
14080.000,198.1242
14090.667,198.1242
14101.333,198.1242
14112.000,198.1242
14122.667,198.1242
14133.333,199.2719
14144.000,200.4263
14154.667,209.9053
14165.333,212.3443
14176.000,213.5744
14186.667,213.5744
14197.333,213.5744
14208.000,212.3443
14218.667,211.1213
14229.333,208.6963
14240.000,208.6963
14250.667,208.6963
14261.333,208.6963
14272.000,206.2992
14282.667,203.9297
14293.333,200.4263
14304.000,206.2992
14314.667,195.8486
14325.333,195.8486
14336.000,193.5991
14346.667,200.4263
14357.333,202.7552
14368.000,202.7552
14378.667,206.2992
14389.333,212.3443
14400.000,209.9053
14410.667,211.1213
14421.333,0.0000
14432.000,0.0000
14442.667,0.0000
14453.333,0.0000
14464.000,0.0000
14474.667,0.0000
14485.333,205.1111
14496.000,203.9297
14506.667,205.1111
14517.333,206.2992
14528.000,207.4943
14538.667,207.4943
14549.333,207.4943
14560.000,207.4943
14570.667,207.4943
14581.333,208.6963
14592.000,209.9053
14602.667,209.9053
14613.333,209.9053
14624.000,207.4943
14634.667,205.1111
14645.333,192.4840
14656.000,189.1772
14666.667,184.8564
14677.333,183.7917
14688.000,184.8564
14698.667,184.8564
14709.333,187.0044
14720.000,188.0877
14730.667,190.2731
14741.333,190.2731
14752.000,191.3754
14762.667,191.3754
14773.333,190.2731
14784.000,189.1772
14794.667,188.0877
14805.333,188.0877
14816.000,187.0044
14826.667,202.7552
14837.333,199.2719
14848.000,195.8486
14858.667,194.7206
14869.333,192.4840
14880.000,191.3754
14890.667,190.2731
14901.333,190.2731
14912.000,191.3754
14922.667,190.2731
14933.333,191.3754
14944.000,190.2731
14954.667,189.1772
14965.333,190.2731
14976.000,191.3754
14986.667,193.5991
14997.333,194.7206
15008.000,194.7206
15018.667,198.1242
15029.333,182.7332
15040.000,183.7917
15050.667,199.2719
15061.333,199.2719
15072.000,195.8486
15082.667,192.4840
15093.333,191.3754
15104.000,0.0000
15114.667,0.0000
15125.333,0.0000
15136.000,0.0000
15146.667,0.0000
15157.333,0.0000
15168.000,0.0000
15178.667,0.0000
15189.333,101.9649
15200.000,105.5606
15210.667,105.5606
15221.333,102.5555
15232.000,101.9649
15242.667,101.3776
15253.333,101.3776
15264.000,103.1496
15274.667,103.7472
15285.333,104.3482
15296.000,104.3482
15306.667,104.3482
15317.333,104.3482
15328.000,104.3482
15338.667,104.3482
15349.333,104.9526
15360.000,104.9526
15370.667,104.9526
15381.333,105.5606
15392.000,105.5606
15402.667,106.1721
15413.333,106.1721
15424.000,107.4058
15434.667,108.0280
15445.333,108.6538
15456.000,109.2832
15466.667,109.9163
15477.333,109.9163
15488.000,109.9163
15498.667,109.2832
15509.333,109.2832
15520.000,109.2832
15530.667,109.9163
15541.333,109.9163
15552.000,109.9163
15562.667,109.2832
15573.333,108.6538
15584.000,108.6538
15594.667,108.0280
15605.333,107.4058
15616.000,108.0280
15626.667,108.0280
15637.333,108.6538
15648.000,108.6538
15658.667,108.6538
15669.333,108.6538
15680.000,108.6538
15690.667,108.6538
15701.333,109.2832
15712.000,109.2832
15722.667,109.2832
15733.333,109.9163
15744.000,109.9163
15754.667,109.9163
15765.333,109.9163
15776.000,109.2832
15786.667,109.2832
15797.333,109.2832
15808.000,109.2832
15818.667,109.9163
15829.333,109.9163
15840.000,109.9163
15850.667,109.2832
15861.333,109.2832
15872.000,109.2832
15882.667,108.6538
15893.333,108.6538
15904.000,109.2832
15914.667,109.2832
15925.333,109.9163
15936.000,110.5530
15946.667,111.1935
15957.333,111.1935
15968.000,110.5530
15978.667,110.5530
15989.333,110.5530
16000.000,110.5530
16010.667,110.5530
16021.333,110.5530
16032.000,110.5530
16042.667,110.5530
16053.333,109.9163
16064.000,109.9163
16074.667,109.9163
16085.333,109.9163
16096.000,110.5530
16106.667,111.1935
16117.333,111.8376
16128.000,112.4855
16138.667,112.4855
16149.333,113.1371
16160.000,113.1371
16170.667,111.8376
16181.333,111.8376
16192.000,111.8376
16202.667,111.8376
16213.333,111.8376
16224.000,111.8376
16234.667,112.4855
16245.333,112.4855
16256.000,110.5530
16266.667,110.5530
16277.333,109.9163
16288.000,109.9163
16298.667,109.2832
16309.333,109.9163
16320.000,109.9163
16330.667,110.5530
16341.333,111.1935
16352.000,111.8376
16362.667,111.8376
16373.333,112.4855
16384.000,112.4855
16394.667,112.4855
16405.333,111.8376
16416.000,111.8376
16426.667,111.8376
16437.333,111.1935
16448.000,110.5530
16458.667,109.9163
16469.333,109.9163
16480.000,109.2832
16490.667,109.9163
16501.333,109.9163
16512.000,110.5530
16522.667,111.8376
16533.333,112.4855
16544.000,109.9163
16554.667,109.2832
16565.333,0.0000
16576.000,0.0000
16586.667,0.0000
16597.333,0.0000
16608.000,0.0000
16618.667,160.9269
16629.333,161.8591
16640.000,164.6884
16650.667,167.5671
16661.333,171.4838
16672.000,169.5141
16682.667,178.5595
16693.333,181.6807
16704.000,182.7332
16714.667,183.7917
16725.333,184.8564
16736.000,188.0877
16746.667,191.3754
16757.333,193.5991
16768.000,195.8486
16778.667,199.2719
16789.333,201.5874
16800.000,202.7552
16810.667,201.5874
16821.333,202.7552
16832.000,203.9297
16842.667,203.9297
16853.333,203.9297
16864.000,205.1111
16874.667,206.2992
16885.333,206.2992
16896.000,206.2992
16906.667,206.2992
16917.333,206.2992
16928.000,206.2992
16938.667,206.2992
16949.333,207.4943
16960.000,207.4943
16970.667,208.6963
16981.333,208.6963
16992.000,207.4943
17002.667,207.4943
17013.333,207.4943
17024.000,207.4943
17034.667,206.2992
17045.333,206.2992
17056.000,207.4943
17066.667,207.4943
17077.333,207.4943
17088.000,208.6963
17098.667,207.4943
17109.333,207.4943
17120.000,207.4943
17130.667,206.2992
17141.333,207.4943
17152.000,207.4943
17162.667,207.4943
17173.333,207.4943
17184.000,208.6963
17194.667,209.9053
17205.333,209.9053
17216.000,211.1213
17226.667,211.1213
17237.333,212.3443
17248.000,212.3443
17258.667,211.1213
17269.333,208.6963
17280.000,207.4943
17290.667,205.1111
17301.333,205.1111
17312.000,205.1111
17322.667,205.1111
17333.333,206.2992
17344.000,207.4943
17354.667,208.6963
17365.333,208.6963
17376.000,209.9053
17386.667,209.9053
17397.333,209.9053
17408.000,209.9053
17418.667,209.9053
17429.333,208.6963
17440.000,208.6963
17450.667,207.4943
17461.333,207.4943
17472.000,207.4943
17482.667,207.4943
17493.333,208.6963
17504.000,208.6963
17514.667,208.6963
17525.333,208.6963
17536.000,208.6963
17546.667,208.6963
17557.333,208.6963
17568.000,209.9053
17578.667,211.1213
17589.333,212.3443
17600.000,212.3443
17610.667,211.1213
17621.333,211.1213
17632.000,209.9053
17642.667,208.6963
17653.333,208.6963
17664.000,208.6963
17674.667,207.4943
17685.333,206.2992
17696.000,206.2992
17706.667,206.2992
17717.333,207.4943
17728.000,207.4943
17738.667,208.6963
17749.333,209.9053
17760.000,211.1213
17770.667,211.1213
17781.333,211.1213
17792.000,209.9053
17802.667,209.9053
17813.333,208.6963
17824.000,208.6963
17834.667,208.6963
17845.333,208.6963
17856.000,207.4943
17866.667,207.4943
17877.333,206.2992
17888.000,206.2992
17898.667,206.2992
17909.333,206.2992
17920.000,207.4943
17930.667,207.4943
17941.333,208.6963
17952.000,208.6963
17962.667,208.6963
17973.333,208.6963
17984.000,208.6963
17994.667,208.6963
18005.333,208.6963
18016.000,208.6963
18026.667,209.9053
18037.333,208.6963
18048.000,209.9053
18058.667,208.6963
18069.333,208.6963
18080.000,208.6963
18090.667,208.6963
18101.333,208.6963
18112.000,209.9053
18122.667,209.9053
18133.333,211.1213
18144.000,212.3443
18154.667,214.8116
18165.333,216.0560
18176.000,217.3076
18186.667,217.3076
18197.333,218.5664
18208.000,218.5664
18218.667,218.5664
18229.333,218.5664
18240.000,218.5664
18250.667,217.3076
18261.333,217.3076
18272.000,216.0560
18282.667,216.0560
18293.333,217.3076
18304.000,217.3076
18314.667,217.3076
18325.333,217.3076
18336.000,217.3076
18346.667,217.3076
18357.333,217.3076
18368.000,217.3076
18378.667,217.3076
18389.333,217.3076
18400.000,217.3076
18410.667,217.3076
18421.333,217.3076
18432.000,217.3076
18442.667,217.3076
18453.333,217.3076
18464.000,217.3076
18474.667,216.0560
18485.333,217.3076
18496.000,217.3076
18506.667,217.3076
18517.333,217.3076
18528.000,218.5664
18538.667,218.5664
18549.333,218.5664
18560.000,217.3076
18570.667,217.3076
18581.333,217.3076
18592.000,217.3076
18602.667,217.3076
18613.333,217.3076
18624.000,217.3076
18634.667,218.5664
18645.333,218.5664
18656.000,218.5664
18666.667,218.5664
18677.333,218.5664
18688.000,218.5664
18698.667,218.5664
18709.333,218.5664
18720.000,218.5664
18730.667,218.5664
18741.333,218.5664
18752.000,218.5664
18762.667,218.5664
18773.333,218.5664
18784.000,218.5664
18794.667,218.5664
18805.333,218.5664
18816.000,218.5664
18826.667,218.5664
18837.333,218.5664
18848.000,218.5664
18858.667,218.5664
18869.333,218.5664
18880.000,219.8326
18890.667,219.8326
18901.333,219.8326
18912.000,219.8326
18922.667,219.8326
18933.333,218.5664
18944.000,218.5664
18954.667,218.5664
18965.333,217.3076
18976.000,217.3076
18986.667,217.3076
18997.333,217.3076
19008.000,217.3076
19018.667,218.5664
19029.333,219.8326
19040.000,219.8326
19050.667,219.8326
19061.333,219.8326
19072.000,219.8326
19082.667,218.5664
19093.333,218.5664
19104.000,218.5664
19114.667,218.5664
19125.333,218.5664
19136.000,218.5664
19146.667,219.8326
19157.333,219.8326
19168.000,219.8326
19178.667,219.8326
19189.333,218.5664
19200.000,217.3076
19210.667,216.0560
19221.333,216.0560
19232.000,217.3076
19242.667,218.5664
19253.333,218.5664
19264.000,219.8326
19274.667,221.1061
19285.333,219.8326
19296.000,219.8326
19306.667,218.5664
19317.333,217.3076
19328.000,216.0560
19338.667,216.0560
19349.333,216.0560
19360.000,217.3076
19370.667,218.5664
19381.333,218.5664
19392.000,219.8326
19402.667,219.8326
19413.333,218.5664
19424.000,218.5664
19434.667,217.3076
19445.333,217.3076
19456.000,217.3076
19466.667,217.3076
19477.333,0.0000
19488.000,0.0000
19498.667,0.0000
19509.333,0.0000
19520.000,0.0000
19530.667,0.0000
19541.333,0.0000
19552.000,0.0000
19562.667,0.0000
19573.333,0.0000
19584.000,0.0000
19594.667,0.0000
19605.333,0.0000
19616.000,0.0000
19626.667,0.0000
19637.333,0.0000
19648.000,0.0000
19658.667,0.0000
19669.333,0.0000
19680.000,0.0000
19690.667,0.0000
19701.333,0.0000
19712.000,0.0000
19722.667,217.3076
19733.333,218.5664
19744.000,219.8326
19754.667,222.3869
19765.333,222.3869
19776.000,219.8326
19786.667,218.5664
19797.333,217.3076
19808.000,217.3076
19818.667,217.3076
19829.333,218.5664
19840.000,218.5664
19850.667,218.5664
19861.333,218.5664
19872.000,218.5664
19882.667,218.5664
19893.333,217.3076
19904.000,216.0560
19914.667,216.0560
19925.333,216.0560
19936.000,217.3076
19946.667,217.3076
19957.333,218.5664
19968.000,0.0000
19978.667,0.0000
19989.333,0.0000
20000.000,0.0000
20010.667,0.0000
20021.333,0.0000
20032.000,0.0000
20042.667,0.0000
20053.333,169.5141
20064.000,168.5378
20074.667,168.5378
20085.333,168.5378
20096.000,169.5141
20106.667,172.4771
20117.333,175.4920
20128.000,177.5311
20138.667,178.5595
20149.333,179.5939
20160.000,0.0000
20170.667,0.0000
20181.333,0.0000
20192.000,0.0000
20202.667,0.0000
20213.333,0.0000
20224.000,0.0000
20234.667,0.0000
20245.333,0.0000
20256.000,0.0000
20266.667,0.0000
20277.333,0.0000
20288.000,0.0000
20298.667,0.0000
20309.333,0.0000
20320.000,0.0000
20330.667,0.0000
20341.333,181.6807
20352.000,182.7332
20362.667,181.6807
20373.333,182.7332
20384.000,182.7332
20394.667,182.7332
20405.333,181.6807
20416.000,181.6807
20426.667,180.6343
20437.333,180.6343
20448.000,177.5311
20458.667,175.4920
20469.333,166.6019
20480.000,164.6884
20490.667,164.6884
20501.333,163.7398
20512.000,160.0000
20522.667,160.0000
20533.333,160.0000
20544.000,159.0785
20554.667,159.0785
20565.333,159.0785
20576.000,159.0785
20586.667,160.0000
20597.333,160.0000
20608.000,160.0000
20618.667,159.0785
20629.333,159.0785
20640.000,158.1622
20650.667,157.2513
20661.333,158.1622
20672.000,160.0000
20682.667,161.8591
20693.333,164.6884
20704.000,165.6424
20714.667,166.6019
20725.333,166.6019
20736.000,166.6019
20746.667,166.6019
20757.333,0.0000
20768.000,0.0000
20778.667,0.0000
20789.333,0.0000
20800.000,0.0000
20810.667,0.0000
20821.333,0.0000
20832.000,0.0000
20842.667,0.0000
20853.333,0.0000
20864.000,0.0000
20874.667,0.0000
20885.333,0.0000
20896.000,0.0000
20906.667,0.0000
20917.333,0.0000
20928.000,209.9053
20938.667,212.3443
20949.333,213.5744
20960.000,214.8116
20970.667,216.0560
20981.333,217.3076
20992.000,218.5664
21002.667,218.5664
21013.333,218.5664
21024.000,217.3076
21034.667,216.0560
21045.333,214.8116
21056.000,214.8116
21066.667,214.8116
21077.333,214.8116
21088.000,214.8116
21098.667,214.8116
21109.333,214.8116
21120.000,216.0560
21130.667,217.3076
21141.333,217.3076
21152.000,218.5664
21162.667,219.8326
21173.333,219.8326
21184.000,219.8326
21194.667,219.8326
21205.333,219.8326
21216.000,218.5664
21226.667,217.3076
21237.333,217.3076
21248.000,216.0560
21258.667,216.0560
21269.333,216.0560
21280.000,216.0560
21290.667,216.0560
21301.333,216.0560
21312.000,217.3076
21322.667,217.3076
21333.333,218.5664
21344.000,218.5664
21354.667,219.8326
21365.333,219.8326
21376.000,219.8326
21386.667,219.8326
21397.333,218.5664
21408.000,217.3076
21418.667,217.3076
21429.333,217.3076
21440.000,218.5664
21450.667,218.5664
21461.333,219.8326
21472.000,219.8326
21482.667,218.5664
21493.333,218.5664
21504.000,217.3076
21514.667,217.3076
21525.333,218.5664
21536.000,219.8326
21546.667,222.3869
21557.333,222.3869
21568.000,222.3869
21578.667,219.8326
21589.333,218.5664
21600.000,216.0560
21610.667,216.0560
21621.333,216.0560
21632.000,217.3076
21642.667,218.5664
21653.333,219.8326
21664.000,219.8326
21674.667,218.5664
21685.333,217.3076
21696.000,216.0560
21706.667,216.0560
21717.333,216.0560
21728.000,217.3076
21738.667,218.5664
21749.333,219.8326
21760.000,218.5664
21770.667,218.5664
21781.333,217.3076
21792.000,217.3076
21802.667,217.3076
21813.333,217.3076
21824.000,218.5664
21834.667,221.1061
21845.333,222.3869
21856.000,222.3869
21866.667,221.1061
21877.333,219.8326
21888.000,218.5664
21898.667,217.3076
21909.333,217.3076
21920.000,216.0560
21930.667,216.0560
21941.333,216.0560
21952.000,214.8116
21962.667,214.8116
21973.333,214.8116
21984.000,217.3076
21994.667,219.8326
22005.333,222.3869
22016.000,223.6752
22026.667,224.9709
22037.333,0.0000
22048.000,0.0000
22058.667,0.0000
22069.333,0.0000
22080.000,0.0000
22090.667,0.0000
22101.333,0.0000
22112.000,0.0000
22122.667,0.0000
22133.333,312.6912
22144.000,314.5026
22154.667,310.8902
22165.333,310.8902
22176.000,312.6912
22186.667,325.5935
22197.333,325.5935
22208.000,325.5935
22218.667,325.5935
22229.333,325.5935
22240.000,325.5935
22250.667,323.7182
22261.333,323.7182
22272.000,325.5935
22282.667,327.4796
22293.333,325.5935
22304.000,325.5935
22314.667,325.5935
22325.333,325.5935
22336.000,323.7182
22346.667,323.7182
22357.333,323.7182
22368.000,323.7182
22378.667,325.5935
22389.333,325.5935
22400.000,325.5935
22410.667,325.5935
22421.333,325.5935
22432.000,327.4796
22442.667,327.4796
22453.333,327.4796
22464.000,327.4796
22474.667,329.3767
22485.333,329.3767
22496.000,329.3767
22506.667,329.3767
22517.333,329.3767
22528.000,327.4796
22538.667,327.4796
22549.333,327.4796
22560.000,327.4796
22570.667,327.4796
22581.333,327.4796
22592.000,327.4796
22602.667,327.4796
22613.333,327.4796
22624.000,327.4796
22634.667,327.4796
22645.333,327.4796
22656.000,327.4796
22666.667,327.4796
22677.333,327.4796
22688.000,327.4796
22698.667,327.4796
22709.333,327.4796
22720.000,327.4796
22730.667,327.4796
22741.333,327.4796
22752.000,329.3767
22762.667,329.3767
22773.333,329.3767
22784.000,329.3767
22794.667,329.3767
22805.333,331.2848
22816.000,331.2848
22826.667,331.2848
22837.333,331.2848
22848.000,331.2848
22858.667,331.2848
22869.333,331.2848
22880.000,329.3767
22890.667,329.3767
22901.333,329.3767
22912.000,327.4796
22922.667,327.4796
22933.333,327.4796
22944.000,327.4796
22954.667,329.3767
22965.333,329.3767
22976.000,331.2848
22986.667,331.2848
22997.333,333.2039
23008.000,333.2039
23018.667,333.2039
23029.333,331.2848
23040.000,331.2848
23050.667,329.3767
23061.333,327.4796
23072.000,325.5935
23082.667,325.5935
23093.333,325.5935
23104.000,325.5935
23114.667,327.4796
23125.333,327.4796
23136.000,329.3767
23146.667,331.2848
23157.333,333.2039
23168.000,333.2039
23178.667,333.2039
23189.333,333.2039
23200.000,331.2848
23210.667,329.3767
23221.333,329.3767
23232.000,327.4796
23242.667,327.4796
23253.333,325.5935
23264.000,327.4796
23274.667,327.4796
23285.333,329.3767
23296.000,331.2848
23306.667,333.2039
23317.333,333.2039
23328.000,333.2039
23338.667,333.2039
23349.333,333.2039
23360.000,333.2039
23370.667,331.2848
23381.333,329.3767
23392.000,327.4796
23402.667,327.4796
23413.333,327.4796
23424.000,327.4796
23434.667,327.4796
23445.333,329.3767
23456.000,329.3767
23466.667,329.3767
23477.333,329.3767
23488.000,329.3767
23498.667,329.3767
23509.333,327.4796
23520.000,327.4796
23530.667,327.4796
23541.333,327.4796
23552.000,327.4796
23562.667,327.4796
23573.333,327.4796
23584.000,327.4796
23594.667,327.4796
23605.333,329.3767
23616.000,331.2848
23626.667,333.2039
23637.333,335.1341
23648.000,340.9922
23658.667,344.9543
23669.333,348.9625
23680.000,353.0172
23690.667,357.1191
23701.333,363.3614
23712.000,367.5835
23722.667,369.7129
23733.333,369.7129
23744.000,367.5835
23754.667,365.4663
23765.333,365.4663
23776.000,363.3614
23786.667,363.3614
23797.333,363.3614
23808.000,363.3614
23818.667,363.3614
23829.333,363.3614
23840.000,363.3614
23850.667,365.4663
23861.333,365.4663
23872.000,365.4663
23882.667,365.4663
23893.333,365.4663
23904.000,365.4663
23914.667,365.4663
23925.333,365.4663
23936.000,365.4663
23946.667,365.4663
23957.333,365.4663
23968.000,365.4663
23978.667,365.4663
23989.333,367.5835
24000.000,365.4663
24010.667,365.4663
24021.333,365.4663
24032.000,365.4663
24042.667,363.3614
24053.333,363.3614
24064.000,363.3614
24074.667,363.3614
24085.333,363.3614
24096.000,363.3614
24106.667,363.3614
24117.333,363.3614
24128.000,363.3614
24138.667,365.4663
24149.333,367.5835
24160.000,367.5835
24170.667,367.5835
24181.333,367.5835
24192.000,369.7129
24202.667,369.7129
24213.333,369.7129
24224.000,369.7129
24234.667,369.7129
24245.333,369.7129
24256.000,369.7129
24266.667,367.5835
24277.333,367.5835
24288.000,365.4663
24298.667,365.4663
24309.333,365.4663
24320.000,365.4663
24330.667,365.4663
24341.333,365.4663
24352.000,365.4663
24362.667,365.4663
24373.333,367.5835
24384.000,367.5835
24394.667,369.7129
24405.333,369.7129
24416.000,369.7129
24426.667,367.5835
24437.333,367.5835
24448.000,367.5835
24458.667,365.4663
24469.333,365.4663
24480.000,365.4663
24490.667,365.4663
24501.333,365.4663
24512.000,365.4663
24522.667,365.4663
24533.333,367.5835
24544.000,367.5835
24554.667,367.5835
24565.333,367.5835
24576.000,367.5835
24586.667,367.5835
24597.333,367.5835
24608.000,367.5835
24618.667,365.4663
24629.333,365.4663
24640.000,365.4663
24650.667,365.4663
24661.333,365.4663
24672.000,367.5835
24682.667,369.7129
24693.333,369.7129
24704.000,371.8546
24714.667,371.8546
24725.333,371.8546
24736.000,371.8546
24746.667,371.8546
24757.333,371.8546
24768.000,369.7129
24778.667,369.7129
24789.333,367.5835
24800.000,367.5835
24810.667,367.5835
24821.333,367.5835
24832.000,367.5835
24842.667,369.7129
24853.333,371.8546
24864.000,371.8546
24874.667,374.0087
24885.333,374.0087
24896.000,374.0087
24906.667,374.0087
24917.333,371.8546
24928.000,369.7129
24938.667,367.5835
24949.333,367.5835
24960.000,365.4663
24970.667,363.3614
24981.333,363.3614
24992.000,363.3614
25002.667,363.3614
25013.333,365.4663
25024.000,365.4663
25034.667,367.5835
25045.333,369.7129
25056.000,371.8546
25066.667,371.8546
25077.333,374.0087
25088.000,374.0087
25098.667,374.0087
25109.333,371.8546
25120.000,369.7129
25130.667,0.0000
25141.333,0.0000
25152.000,0.0000
25162.667,0.0000
25173.333,0.0000
25184.000,0.0000
25194.667,0.0000
25205.333,0.0000
25216.000,0.0000
25226.667,0.0000
25237.333,0.0000
25248.000,0.0000
25258.667,331.2848
25269.333,331.2848
25280.000,331.2848
25290.667,329.3767
25301.333,374.0087
25312.000,371.8546
25322.667,371.8546
25333.333,371.8546
25344.000,369.7129
25354.667,329.3767
25365.333,331.2848
25376.000,331.2848
25386.667,0.0000
25397.333,0.0000
25408.000,0.0000
25418.667,0.0000
25429.333,0.0000
25440.000,0.0000
25450.667,0.0000
25461.333,369.7129
25472.000,371.8546
25482.667,369.7129
25493.333,367.5835
25504.000,367.5835
25514.667,369.7129
25525.333,369.7129
25536.000,369.7129
25546.667,369.7129
25557.333,371.8546
25568.000,371.8546
25578.667,371.8546
25589.333,369.7129
25600.000,369.7129
25610.667,369.7129
25621.333,369.7129
25632.000,350.9840
25642.667,333.2039
25653.333,331.2848
25664.000,333.2039
25674.667,335.1341
25685.333,337.0755
25696.000,337.0755
25706.667,337.0755
25717.333,339.0282
25728.000,339.0282
25738.667,340.9922
25749.333,342.9675
25760.000,346.9526
25770.667,359.1879
25781.333,363.3614
25792.000,367.5835
25802.667,369.7129
25813.333,371.8546
25824.000,376.1753
25834.667,376.1753
25845.333,376.1753
25856.000,374.0087
25866.667,367.5835
25877.333,346.9526
25888.000,344.9543
25898.667,342.9675
25909.333,342.9675
25920.000,344.9543
25930.667,350.9840
25941.333,0.0000
25952.000,0.0000
25962.667,0.0000
25973.333,0.0000
25984.000,0.0000
25994.667,180.6343
26005.333,180.6343
26016.000,182.7332
26026.667,180.6343
26037.333,179.5939
26048.000,180.6343
26058.667,181.6807
26069.333,183.7917
26080.000,182.7332
26090.667,182.7332
26101.333,181.6807
26112.000,181.6807
26122.667,181.6807
26133.333,176.5086
26144.000,168.5378
26154.667,165.6424
26165.333,165.6424
26176.000,165.6424
26186.667,165.6424
26197.333,165.6424
26208.000,164.6884
26218.667,164.6884
26229.333,164.6884
26240.000,163.7398
26250.667,162.7968
26261.333,0.0000
26272.000,0.0000
26282.667,0.0000
26293.333,0.0000
26304.000,0.0000
26314.667,0.0000
26325.333,164.6884
26336.000,166.6019
26346.667,166.6019
26357.333,166.6019
26368.000,166.6019
26378.667,166.6019
26389.333,163.7398
26400.000,163.7398
26410.667,162.7968
26421.333,0.0000
26432.000,0.0000
26442.667,0.0000
26453.333,0.0000
26464.000,0.0000
26474.667,0.0000
26485.333,0.0000
26496.000,0.0000
26506.667,261.4265
26517.333,259.9208
26528.000,258.4237
26538.667,255.4555
26549.333,253.9842
26560.000,255.4555
26570.667,255.4555
26581.333,255.4555
26592.000,255.4555
26602.667,256.9353
26613.333,256.9353
26624.000,256.9353
26634.667,258.4237
26645.333,258.4237
26656.000,259.9208
26666.667,259.9208
26677.333,262.9409
26688.000,264.4641
26698.667,265.9961
26709.333,267.5370
26720.000,269.0869
26730.667,269.0869
26741.333,269.0869
26752.000,267.5370
26762.667,267.5370
26773.333,267.5370
26784.000,267.5370
26794.667,267.5370
26805.333,267.5370
26816.000,267.5370
26826.667,267.5370
26837.333,267.5370
26848.000,269.0869
26858.667,269.0869
26869.333,269.0869
26880.000,270.6457
26890.667,270.6457
26901.333,270.6457
26912.000,270.6457
26922.667,270.6457
26933.333,270.6457
26944.000,270.6457
26954.667,272.2135
26965.333,273.7904
26976.000,273.7904
26986.667,273.7904
26997.333,275.3765
27008.000,273.7904
27018.667,273.7904
27029.333,273.7904
27040.000,273.7904
27050.667,273.7904
27061.333,273.7904
27072.000,273.7904
27082.667,273.7904
27093.333,275.3765
27104.000,275.3765
27114.667,275.3765
27125.333,275.3765
27136.000,275.3765
27146.667,275.3765
27157.333,275.3765
27168.000,276.9717
27178.667,276.9717
27189.333,276.9717
27200.000,276.9717
27210.667,276.9717
27221.333,276.9717
27232.000,276.9717
27242.667,276.9717
27253.333,275.3765
27264.000,275.3765
27274.667,273.7904
27285.333,273.7904
27296.000,275.3765
27306.667,275.3765
27317.333,276.9717
27328.000,276.9717
27338.667,276.9717
27349.333,275.3765
27360.000,275.3765
27370.667,275.3765
27381.333,275.3765
27392.000,275.3765
27402.667,275.3765
27413.333,273.7904
27424.000,273.7904
27434.667,275.3765
27445.333,273.7904
27456.000,273.7904
27466.667,273.7904
27477.333,275.3765
27488.000,275.3765
27498.667,276.9717
27509.333,276.9717
27520.000,276.9717
27530.667,276.9717
27541.333,276.9717
27552.000,275.3765
27562.667,273.7904
27573.333,273.7904
27584.000,272.2135
27594.667,272.2135
27605.333,272.2135
27616.000,272.2135
27626.667,273.7904
27637.333,273.7904
27648.000,275.3765
27658.667,275.3765
27669.333,276.9717
27680.000,276.9717
27690.667,276.9717
27701.333,276.9717
27712.000,276.9717
27722.667,275.3765
27733.333,275.3765
27744.000,273.7904
27754.667,273.7904
27765.333,273.7904
27776.000,273.7904
27786.667,273.7904
27797.333,275.3765
27808.000,276.9717
27818.667,278.5762
27829.333,278.5762
27840.000,270.6457
27850.667,270.6457
27861.333,0.0000
27872.000,0.0000
27882.667,0.0000
27893.333,0.0000
27904.000,0.0000
27914.667,0.0000
27925.333,0.0000
27936.000,0.0000
27946.667,0.0000
27957.333,0.0000
27968.000,0.0000
27978.667,0.0000
27989.333,0.0000
28000.000,0.0000
28010.667,0.0000
28021.333,405.5103
28032.000,405.5103
28042.667,405.5103
28053.333,405.5103
28064.000,405.5103
28074.667,405.5103
28085.333,405.5103
28096.000,407.8594
28106.667,410.2221
28117.333,410.2221
28128.000,410.2221
28138.667,412.5985
28149.333,412.5985
28160.000,414.9887
28170.667,414.9887
28181.333,417.3927
28192.000,417.3927
28202.667,417.3927
28213.333,417.3927
28224.000,417.3927
28234.667,417.3927
28245.333,417.3927
28256.000,414.9887
28266.667,414.9887
28277.333,414.9887
28288.000,417.3927
28298.667,417.3927
28309.333,417.3927
28320.000,417.3927
28330.667,419.8106
28341.333,419.8106
28352.000,419.8106
28362.667,419.8106
28373.333,419.8106
28384.000,419.8106
28394.667,417.3927
28405.333,414.9887
28416.000,412.5985
28426.667,412.5985
28437.333,410.2221
28448.000,410.2221
28458.667,410.2221
28469.333,412.5985
28480.000,414.9887
28490.667,417.3927
28501.333,417.3927
28512.000,419.8106
28522.667,419.8106
28533.333,417.3927
28544.000,417.3927
28554.667,414.9887
28565.333,412.5985
28576.000,412.5985
28586.667,410.2221
28597.333,407.8594
28608.000,407.8594
28618.667,410.2221
28629.333,412.5985
28640.000,414.9887
28650.667,417.3927
28661.333,422.2425
28672.000,422.2425
28682.667,422.2425
28693.333,422.2425
28704.000,419.8106
28714.667,419.8106
28725.333,417.3927
28736.000,414.9887
28746.667,412.5985
28757.333,412.5985
28768.000,412.5985
28778.667,412.5985
28789.333,414.9887
28800.000,419.8106
28810.667,422.2425
28821.333,422.2425
28832.000,424.6886
28842.667,424.6886
28853.333,422.2425
28864.000,419.8106
28874.667,417.3927
28885.333,412.5985
28896.000,410.2221
28906.667,410.2221
28917.333,407.8594
28928.000,407.8594
28938.667,410.2221
28949.333,412.5985
28960.000,412.5985
28970.667,414.9887
28981.333,414.9887
28992.000,417.3927
29002.667,417.3927
29013.333,417.3927
29024.000,414.9887
29034.667,412.5985
29045.333,410.2221
29056.000,407.8594
29066.667,405.5103
29077.333,405.5103
29088.000,419.8106
29098.667,0.0000
29109.333,0.0000
29120.000,0.0000
29130.667,0.0000
29141.333,0.0000
29152.000,0.0000
29162.667,0.0000
29173.333,403.1747
29184.000,398.5439
29194.667,400.8526
29205.333,403.1747
29216.000,405.5103
29226.667,405.5103
29237.333,407.8594
29248.000,405.5103
29258.667,405.5103
29269.333,405.5103
29280.000,405.5103
29290.667,405.5103
29301.333,405.5103
29312.000,407.8594
29322.667,407.8594
29333.333,410.2221
29344.000,412.5985
29354.667,414.9887
29365.333,417.3927
29376.000,419.8106
29386.667,424.6886
29397.333,429.6232
29408.000,432.1120
29418.667,434.6152
29429.333,434.6152
29440.000,432.1120
29450.667,432.1120
29461.333,429.6232
29472.000,427.1488
29482.667,427.1488
29493.333,424.6886
29504.000,427.1488
29514.667,427.1488
29525.333,427.1488
29536.000,429.6232
29546.667,432.1120
29557.333,434.6152
29568.000,437.1329
29578.667,437.1329
29589.333,437.1329
29600.000,439.6652
29610.667,437.1329
29621.333,437.1329
29632.000,437.1329
29642.667,437.1329
29653.333,437.1329
29664.000,434.6152
29674.667,432.1120
29685.333,429.6232
29696.000,429.6232
29706.667,429.6232
29717.333,429.6232
29728.000,429.6232
29738.667,432.1120
29749.333,434.6152
29760.000,434.6152
29770.667,434.6152
29781.333,437.1329
29792.000,437.1329
29802.667,437.1329
29813.333,437.1329
29824.000,434.6152
29834.667,434.6152
29845.333,432.1120
29856.000,427.1488
29866.667,424.6886
29877.333,422.2425
29888.000,422.2425
29898.667,422.2425
29909.333,424.6886
29920.000,429.6232
29930.667,432.1120
29941.333,434.6152
29952.000,437.1329
29962.667,437.1329
29973.333,439.6652
29984.000,437.1329
29994.667,434.6152
30005.333,434.6152
30016.000,429.6232
30026.667,424.6886
30037.333,422.2425
30048.000,422.2425
30058.667,424.6886
30069.333,427.1488
30080.000,432.1120
30090.667,439.6652
30101.333,442.2121
30112.000,444.7738
30122.667,444.7738
30133.333,442.2121
30144.000,439.6652
30154.667,437.1329
30165.333,432.1120
30176.000,429.6232
30186.667,427.1488
30197.333,422.2425
30208.000,424.6886
30218.667,424.6886
30229.333,429.6232
30240.000,434.6152
30250.667,442.2121
30261.333,444.7738
30272.000,447.3504
30282.667,447.3504
30293.333,447.3504
30304.000,442.2121
30314.667,437.1329
30325.333,432.1120
30336.000,427.1488
30346.667,424.6886
30357.333,424.6886
30368.000,427.1488
30378.667,427.1488
30389.333,429.6232
30400.000,429.6232
30410.667,432.1120
30421.333,434.6152
30432.000,437.1329
30442.667,434.6152
30453.333,434.6152
30464.000,432.1120
30474.667,434.6152
30485.333,434.6152
30496.000,434.6152
30506.667,432.1120
30517.333,429.6232
30528.000,429.6232
30538.667,427.1488
30549.333,427.1488
30560.000,424.6886
30570.667,427.1488
30581.333,429.6232
30592.000,432.1120
30602.667,437.1329
30613.333,439.6652
30624.000,442.2121
30634.667,444.7738
30645.333,442.2121
30656.000,442.2121
30666.667,439.6652
30677.333,437.1329
30688.000,432.1120
30698.667,432.1120
30709.333,432.1120
30720.000,432.1120
30730.667,429.6232
30741.333,429.6232
30752.000,429.6232
30762.667,429.6232
30773.333,429.6232
30784.000,432.1120
30794.667,432.1120
30805.333,432.1120
30816.000,434.6152
30826.667,434.6152
30837.333,434.6152
30848.000,432.1120
30858.667,429.6232
30869.333,429.6232
30880.000,429.6232
30890.667,429.6232
30901.333,427.1488
30912.000,427.1488
30922.667,424.6886
30933.333,427.1488
30944.000,427.1488
30954.667,427.1488
30965.333,429.6232
30976.000,427.1488
30986.667,424.6886
30997.333,422.2425
31008.000,422.2425
31018.667,422.2425
31029.333,422.2425
31040.000,422.2425
31050.667,422.2425
31061.333,422.2425
31072.000,427.1488
31082.667,424.6886
31093.333,424.6886
31104.000,424.6886
31114.667,424.6886
31125.333,434.6152
31136.000,449.9419
31146.667,460.4587
31157.333,468.5074
31168.000,479.4583
31178.667,485.0293
31189.333,490.6651
31200.000,490.6651
31210.667,493.5075
31221.333,493.5075
31232.000,493.5075
31242.667,496.3663
31253.333,496.3663
31264.000,499.2417
31274.667,499.2417
31285.333,502.1338
31296.000,510.9110
31306.667,522.8529
31317.333,528.9282
31328.000,531.9923
31338.667,535.0741
31349.333,541.2913
31360.000,547.5808
31370.667,550.7529
31381.333,550.7529
31392.000,550.7529
31402.667,553.9434
31413.333,553.9434
31424.000,553.9434
31434.667,553.9434
31445.333,553.9434
31456.000,553.9434
31466.667,553.9434
31477.333,553.9434
31488.000,553.9434
31498.667,553.9434
31509.333,550.7529
31520.000,550.7529
31530.667,547.5808
31541.333,538.1737
31552.000,541.2913
31562.667,544.4270
31573.333,544.4270
31584.000,547.5808
31594.667,544.4270
31605.333,544.4270
31616.000,544.4270
31626.667,541.2913
31637.333,557.1524
31648.000,566.8912
31658.667,563.6262
31669.333,525.8818
31680.000,499.2417
31690.667,507.9683
31701.333,496.3663
31712.000,493.5075
31722.667,493.5075
31733.333,490.6651
31744.000,490.6651
31754.667,490.6651
31765.333,490.6651
31776.000,490.6651
31786.667,490.6651
31797.333,490.6651
31808.000,490.6651
31818.667,487.8390
31829.333,485.0293
31840.000,485.0293
31850.667,479.4583
31861.333,468.5074
31872.000,449.9419
31882.667,442.2121
31893.333,439.6652
31904.000,437.1329
31914.667,437.1329
31925.333,437.1329
31936.000,437.1329
31946.667,437.1329
31957.333,437.1329
31968.000,439.6652
31978.667,439.6652
31989.333,442.2121
32000.000,444.7738
32010.667,444.7738
32021.333,444.7738
32032.000,444.7738
32042.667,442.2121
32053.333,442.2121
32064.000,439.6652
32074.667,437.1329
32085.333,434.6152
32096.000,434.6152
32106.667,434.6152
32117.333,434.6152
32128.000,437.1329
32138.667,439.6652
32149.333,439.6652
32160.000,442.2121
32170.667,444.7738
32181.333,444.7738
32192.000,442.2121
32202.667,439.6652
32213.333,437.1329
32224.000,434.6152
32234.667,434.6152
32245.333,434.6152
32256.000,434.6152
32266.667,437.1329
32277.333,439.6652
32288.000,439.6652
32298.667,442.2121
32309.333,442.2121
32320.000,442.2121
32330.667,442.2121
32341.333,442.2121
32352.000,442.2121
32362.667,442.2121
32373.333,442.2121
32384.000,442.2121
32394.667,437.1329
32405.333,437.1329
32416.000,434.6152
32426.667,434.6152
32437.333,434.6152
32448.000,437.1329
32458.667,437.1329
32469.333,442.2121
32480.000,444.7738
32490.667,449.9419
32501.333,449.9419
32512.000,463.1262
32522.667,479.4583
32533.333,0.0000
32544.000,0.0000
32554.667,0.0000
32565.333,0.0000
32576.000,507.9683
32586.667,513.8706
32597.333,560.3799
32608.000,570.1752
32618.667,580.1417
32629.333,586.8826
32640.000,600.6003
32650.667,611.0986
32661.333,621.7804
32672.000,625.3824
32682.667,632.6490
32693.333,632.6490
32704.000,636.3139
32714.667,640.0000
32725.333,643.7075
32736.000,647.4364
32746.667,647.4364
32757.333,647.4364
32768.000,651.1870
32778.667,651.1870
32789.333,654.9593
32800.000,0.0000
32810.667,0.0000
32821.333,0.0000
32832.000,0.0000
32842.667,0.0000
32853.333,0.0000
32864.000,0.0000
32874.667,0.0000
32885.333,654.9593
32896.000,651.1870
32906.667,651.1870
32917.333,654.9593
32928.000,654.9593
32938.667,654.9593
32949.333,654.9593
32960.000,654.9593
32970.667,651.1870
32981.333,654.9593
32992.000,654.9593
33002.667,654.9593
33013.333,654.9593
33024.000,654.9593
33034.667,654.9593
33045.333,651.1870
33056.000,651.1870
33066.667,651.1870
33077.333,651.1870
33088.000,654.9593
33098.667,654.9593
33109.333,654.9593
33120.000,654.9593
33130.667,654.9593
33141.333,654.9593
33152.000,654.9593
33162.667,658.7534
33173.333,658.7534
33184.000,658.7534
33194.667,654.9593
33205.333,654.9593
33216.000,654.9593
33226.667,654.9593
33237.333,654.9593
33248.000,651.1870
33258.667,651.1870
33269.333,647.4364
33280.000,651.1870
33290.667,651.1870
33301.333,651.1870
33312.000,654.9593
33322.667,654.9593
33333.333,654.9593
33344.000,654.9593
33354.667,654.9593
33365.333,654.9593
33376.000,654.9593
33386.667,654.9593
33397.333,654.9593
33408.000,654.9593
33418.667,654.9593
33429.333,654.9593
33440.000,651.1870
33450.667,651.1870
33461.333,651.1870
33472.000,651.1870
33482.667,651.1870
33493.333,651.1870
33504.000,651.1870
33514.667,654.9593
33525.333,654.9593
33536.000,654.9593
33546.667,654.9593
33557.333,658.7534
33568.000,658.7534
33578.667,658.7534
33589.333,658.7534
33600.000,658.7534
33610.667,654.9593
33621.333,654.9593
33632.000,654.9593
33642.667,654.9593
33653.333,654.9593
33664.000,654.9593
33674.667,654.9593
33685.333,658.7534
33696.000,658.7534
33706.667,658.7534
33717.333,662.5696
33728.000,662.5696
33738.667,662.5696
33749.333,662.5696
33760.000,658.7534
33770.667,658.7534
33781.333,654.9593
33792.000,654.9593
33802.667,651.1870
33813.333,651.1870
33824.000,651.1870
33834.667,654.9593
33845.333,654.9593
33856.000,658.7534
33866.667,662.5696
33877.333,693.9052
33888.000,706.0344
33898.667,714.2382
33909.333,710.1245
33920.000,666.4078
33930.667,662.5696
33941.333,658.7534
33952.000,658.7534
33962.667,658.7534
33973.333,658.7534
33984.000,654.9593
33994.667,658.7534
34005.333,658.7534
34016.000,658.7534
34026.667,662.5696
34037.333,662.5696
34048.000,662.5696
34058.667,662.5696
34069.333,662.5696
34080.000,662.5696
34090.667,662.5696
34101.333,658.7534
34112.000,658.7534
34122.667,658.7534
34133.333,654.9593
34144.000,0.0000
34154.667,0.0000
34165.333,0.0000
34176.000,0.0000
34186.667,0.0000
34197.333,0.0000
34208.000,329.3767
34218.667,329.3767
34229.333,329.3767
34240.000,329.3767
34250.667,329.3767
34261.333,329.3767
34272.000,329.3767
34282.667,329.3767
34293.333,329.3767
34304.000,329.3767
34314.667,329.3767
34325.333,327.4796
34336.000,327.4796
34346.667,327.4796
34357.333,327.4796
34368.000,327.4796
34378.667,327.4796
34389.333,329.3767
34400.000,329.3767
34410.667,329.3767
34421.333,329.3767
34432.000,329.3767
34442.667,329.3767
34453.333,329.3767
34464.000,327.4796
34474.667,327.4796
34485.333,327.4796
34496.000,327.4796
34506.667,327.4796
34517.333,327.4796
34528.000,327.4796
34538.667,329.3767
34549.333,329.3767
34560.000,329.3767
34570.667,329.3767
34581.333,329.3767
34592.000,329.3767
34602.667,329.3767
34613.333,329.3767
34624.000,327.4796
34634.667,327.4796
34645.333,327.4796
34656.000,325.5935
34666.667,325.5935
34677.333,325.5935
34688.000,325.5935
34698.667,327.4796
34709.333,327.4796
34720.000,327.4796
34730.667,327.4796
34741.333,327.4796
34752.000,327.4796
34762.667,329.3767
34773.333,329.3767
34784.000,327.4796
34794.667,327.4796
34805.333,327.4796
34816.000,327.4796
34826.667,327.4796
34837.333,327.4796
34848.000,327.4796
34858.667,327.4796
34869.333,327.4796
34880.000,329.3767
34890.667,329.3767
34901.333,329.3767
34912.000,329.3767
34922.667,329.3767
34933.333,329.3767
34944.000,0.0000
34954.667,0.0000
34965.333,0.0000
34976.000,0.0000
34986.667,0.0000
34997.333,654.9593
35008.000,654.9593
35018.667,658.7534
35029.333,658.7534
35040.000,662.5696
35050.667,666.4078
35061.333,666.4078
35072.000,670.2682
35082.667,666.4078
35093.333,666.4078
35104.000,662.5696
35114.667,658.7534
35125.333,658.7534
35136.000,654.9593
35146.667,654.9593
35157.333,654.9593
35168.000,654.9593
35178.667,651.1870
35189.333,654.9593
35200.000,654.9593
35210.667,658.7534
35221.333,662.5696
35232.000,662.5696
35242.667,662.5696
35253.333,662.5696
35264.000,662.5696
35274.667,662.5696
35285.333,658.7534
35296.000,654.9593
35306.667,654.9593
35317.333,651.1870
35328.000,654.9593
35338.667,654.9593
35349.333,658.7534
35360.000,662.5696
35370.667,662.5696
35381.333,666.4078
35392.000,670.2682
35402.667,670.2682
35413.333,670.2682
35424.000,670.2682
35434.667,666.4078
35445.333,666.4078
35456.000,662.5696
35466.667,658.7534
35477.333,654.9593
35488.000,651.1870
35498.667,651.1870
35509.333,651.1870
35520.000,654.9593
35530.667,654.9593
35541.333,658.7534
35552.000,662.5696
35562.667,666.4078
35573.333,670.2682
35584.000,674.1511
35594.667,670.2682
35605.333,666.4078
35616.000,662.5696
35626.667,658.7534
35637.333,651.1870
35648.000,651.1870
35658.667,647.4364
35669.333,647.4364
35680.000,651.1870
35690.667,654.9593
35701.333,658.7534
35712.000,662.5696
35722.667,666.4078
35733.333,666.4078
35744.000,670.2682
35754.667,670.2682
35765.333,674.1511
35776.000,670.2682
35786.667,666.4078
35797.333,662.5696
35808.000,658.7534
35818.667,654.9593
35829.333,651.1870
35840.000,647.4364
35850.667,651.1870
35861.333,654.9593
35872.000,658.7534
35882.667,662.5696
35893.333,666.4078
35904.000,666.4078
35914.667,670.2682
35925.333,670.2682
35936.000,674.1511
35946.667,674.1511
35957.333,670.2682
35968.000,666.4078
35978.667,662.5696
35989.333,658.7534
36000.000,658.7534
36010.667,654.9593
36021.333,654.9593
36032.000,658.7534
36042.667,654.9593
36053.333,666.4078
36064.000,666.4078
36074.667,670.2682
36085.333,670.2682
36096.000,674.1511
36106.667,674.1511
36117.333,674.1511
36128.000,670.2682
36138.667,666.4078
36149.333,662.5696
36160.000,0.0000
36170.667,0.0000
36181.333,0.0000
36192.000,0.0000
36202.667,0.0000
36213.333,329.3767
36224.000,329.3767
36234.667,329.3767
36245.333,329.3767
36256.000,329.3767
36266.667,329.3767
36277.333,331.2848
36288.000,331.2848
36298.667,331.2848
36309.333,329.3767
36320.000,329.3767
36330.667,327.4796
36341.333,327.4796
36352.000,327.4796
36362.667,327.4796
36373.333,325.5935
36384.000,325.5935
36394.667,323.7182
36405.333,325.5935
36416.000,327.4796
36426.667,331.2848
36437.333,331.2848
36448.000,331.2848
36458.667,331.2848
36469.333,331.2848
36480.000,331.2848
36490.667,329.3767
36501.333,329.3767
36512.000,327.4796
36522.667,327.4796
36533.333,329.3767
36544.000,329.3767
36554.667,327.4796
36565.333,327.4796
36576.000,327.4796
36586.667,327.4796
36597.333,329.3767
36608.000,329.3767
36618.667,331.2848
36629.333,331.2848
36640.000,331.2848
36650.667,331.2848
36661.333,329.3767
36672.000,329.3767
36682.667,329.3767
36693.333,329.3767
36704.000,329.3767
36714.667,329.3767
36725.333,329.3767
36736.000,329.3767
36746.667,329.3767
36757.333,329.3767
36768.000,329.3767
36778.667,329.3767
36789.333,329.3767
36800.000,329.3767
36810.667,0.0000
36821.333,0.0000
36832.000,0.0000
36842.667,0.0000
36853.333,0.0000
36864.000,0.0000
36874.667,0.0000
36885.333,0.0000
36896.000,0.0000
36906.667,0.0000
36917.333,0.0000
36928.000,0.0000
36938.667,0.0000
36949.333,0.0000
36960.000,0.0000
36970.667,329.3767
36981.333,329.3767
36992.000,329.3767
37002.667,329.3767
37013.333,329.3767
37024.000,329.3767
37034.667,329.3767
37045.333,327.4796
37056.000,327.4796
37066.667,327.4796
37077.333,327.4796
37088.000,327.4796
37098.667,329.3767
37109.333,329.3767
37120.000,331.2848
37130.667,331.2848
37141.333,329.3767
37152.000,331.2848
37162.667,331.2848
37173.333,331.2848
37184.000,333.2039
37194.667,329.3767
37205.333,0.0000
37216.000,0.0000
37226.667,0.0000
37237.333,0.0000
37248.000,0.0000
37258.667,0.0000
37269.333,0.0000
37280.000,0.0000
37290.667,0.0000
37301.333,0.0000
37312.000,0.0000
37322.667,0.0000
37333.333,0.0000
37344.000,0.0000
37354.667,0.0000
37365.333,0.0000
37376.000,0.0000
37386.667,0.0000
37397.333,0.0000
37408.000,0.0000
37418.667,353.0172
37429.333,350.9840
37440.000,350.9840
37450.667,348.9625
37461.333,348.9625
37472.000,348.9625
37482.667,348.9625
37493.333,346.9526
37504.000,344.9543
37514.667,340.9922
37525.333,337.0755
37536.000,333.2039
37546.667,329.3767
37557.333,325.5935
37568.000,325.5935
37578.667,323.7182
37589.333,321.8537
37600.000,320.0000
37610.667,321.8537
37621.333,335.1341
37632.000,340.9922
37642.667,346.9526
37653.333,342.9675
37664.000,342.9675
37674.667,337.0755
37685.333,331.2848
37696.000,329.3767
37706.667,327.4796
37717.333,295.1412
37728.000,295.1412
37738.667,293.4413
37749.333,293.4413
37760.000,293.4413
37770.667,293.4413
37781.333,293.4413
37792.000,293.4413
37802.667,293.4413
37813.333,293.4413
37824.000,293.4413
37834.667,293.4413
37845.333,291.7512
37856.000,291.7512
37866.667,291.7512
37877.333,293.4413
37888.000,296.8509
37898.667,298.5706
37909.333,296.8509
37920.000,296.8509
37930.667,296.8509
37941.333,295.1412
37952.000,293.4413
37962.667,293.4413
37973.333,293.4413
37984.000,293.4413
37994.667,293.4413
38005.333,293.4413
38016.000,293.4413
38026.667,293.4413
38037.333,293.4413
38048.000,293.4413
38058.667,291.7512
38069.333,291.7512
38080.000,290.0708
38090.667,288.4001
38101.333,288.4001
38112.000,288.4001
38122.667,288.4001
38133.333,288.4001
38144.000,290.0708
38154.667,290.0708
38165.333,290.0708
38176.000,290.0708
38186.667,291.7512
38197.333,291.7512
38208.000,291.7512
38218.667,293.4413
38229.333,293.4413
38240.000,293.4413
38250.667,295.1412
38261.333,296.8509
38272.000,296.8509
38282.667,296.8509
38293.333,296.8509
38304.000,296.8509
38314.667,296.8509
38325.333,291.7512
38336.000,293.4413
38346.667,295.1412
38357.333,295.1412
38368.000,296.8509
38378.667,296.8509
38389.333,296.8509
38400.000,296.8509
38410.667,296.8509
38421.333,296.8509
38432.000,295.1412
38442.667,295.1412
38453.333,295.1412
38464.000,295.1412
38474.667,295.1412
38485.333,295.1412
38496.000,295.1412
38506.667,295.1412
38517.333,295.1412
38528.000,295.1412
38538.667,293.4413
38549.333,293.4413
38560.000,291.7512
38570.667,293.4413
38581.333,293.4413
38592.000,0.0000
38602.667,0.0000
38613.333,0.0000
38624.000,0.0000
38634.667,0.0000
38645.333,0.0000
38656.000,0.0000
38666.667,0.0000
38677.333,0.0000
38688.000,0.0000
38698.667,0.0000
38709.333,0.0000
38720.000,0.0000
38730.667,0.0000
38741.333,0.0000
38752.000,0.0000
38762.667,0.0000
38773.333,0.0000
38784.000,0.0000
38794.667,0.0000
38805.333,0.0000
38816.000,0.0000
38826.667,0.0000
38837.333,0.0000
38848.000,0.0000
38858.667,0.0000
38869.333,0.0000
38880.000,0.0000
38890.667,0.0000
38901.333,0.0000
38912.000,0.0000
38922.667,0.0000
38933.333,0.0000
38944.000,0.0000
38954.667,256.9353
38965.333,259.9208
38976.000,256.9353
38986.667,255.4555
38997.333,253.9842
39008.000,251.0669
39018.667,249.6209
39029.333,248.1832
39040.000,248.1832
39050.667,248.1832
39061.333,248.1832
39072.000,248.1832
39082.667,248.1832
39093.333,249.6209
39104.000,249.6209
39114.667,251.0669
39125.333,251.0669
39136.000,251.0669
39146.667,252.5213
39157.333,252.5213
39168.000,252.5213
39178.667,251.0669
39189.333,251.0669
39200.000,249.6209
39210.667,248.1832
39221.333,246.7537
39232.000,246.7537
39242.667,246.7537
39253.333,246.7537
39264.000,246.7537
39274.667,245.3325
39285.333,245.3325
39296.000,246.7537
39306.667,246.7537
39317.333,248.1832
39328.000,251.0669
39338.667,252.5213
39349.333,252.5213
39360.000,252.5213
39370.667,251.0669
39381.333,249.6209
39392.000,249.6209
39402.667,249.6209
39413.333,248.1832
39424.000,273.7904
39434.667,273.7904
39445.333,273.7904
39456.000,246.7537
39466.667,248.1832
39477.333,248.1832
39488.000,251.0669
39498.667,248.1832
39509.333,246.7537
39520.000,245.3325
39530.667,241.1179
39541.333,239.7291
39552.000,238.3484
39562.667,239.7291
39573.333,239.7291
39584.000,241.1179
39594.667,246.7537
39605.333,246.7537
39616.000,246.7537
39626.667,248.1832
39637.333,248.1832
39648.000,248.1832
39658.667,246.7537
39669.333,246.7537
39680.000,248.1832
39690.667,248.1832
39701.333,248.1832
39712.000,248.1832
39722.667,248.1832
39733.333,248.1832
39744.000,248.1832
39754.667,248.1832
39765.333,248.1832
39776.000,246.7537
39786.667,248.1832
39797.333,248.1832
39808.000,248.1832
39818.667,248.1832
39829.333,248.1832
39840.000,248.1832
39850.667,246.7537
39861.333,246.7537
39872.000,245.3325
39882.667,249.6209
39893.333,246.7537
39904.000,245.3325
39914.667,243.9195
39925.333,245.3325
39936.000,241.1179
39946.667,234.2537
39957.333,231.5631
39968.000,230.2294
39978.667,249.6209
39989.333,249.6209
40000.000,248.1832
40010.667,252.5213
40021.333,252.5213
40032.000,0.0000
40042.667,0.0000
40053.333,0.0000
40064.000,0.0000
40074.667,0.0000
40085.333,0.0000
40096.000,0.0000
40106.667,0.0000
40117.333,0.0000
40128.000,0.0000
40138.667,0.0000
40149.333,0.0000
40160.000,0.0000
40170.667,0.0000
40181.333,0.0000
40192.000,0.0000
40202.667,0.0000
40213.333,0.0000
40224.000,0.0000
40234.667,0.0000
40245.333,0.0000
40256.000,0.0000
40266.667,0.0000
40277.333,0.0000
40288.000,0.0000
40298.667,0.0000
40309.333,0.0000
40320.000,0.0000
40330.667,0.0000
40341.333,0.0000
40352.000,0.0000
40362.667,0.0000
40373.333,0.0000
40384.000,0.0000
40394.667,0.0000
40405.333,0.0000
40416.000,0.0000
40426.667,0.0000
40437.333,0.0000
40448.000,0.0000
40458.667,0.0000
40469.333,0.0000
40480.000,0.0000
40490.667,0.0000
40501.333,0.0000
40512.000,0.0000
40522.667,0.0000
40533.333,0.0000
40544.000,0.0000
40554.667,212.3443
40565.333,211.1213
40576.000,211.1213
40586.667,209.9053
40597.333,209.9053
40608.000,208.6963
40618.667,209.9053
40629.333,209.9053
40640.000,208.6963
40650.667,208.6963
40661.333,211.1213
40672.000,212.3443
40682.667,211.1213
40693.333,0.0000
40704.000,246.7537
40714.667,265.9961
40725.333,269.0869
40736.000,269.0869
40746.667,270.6457
40757.333,272.2135
40768.000,270.6457
40778.667,270.6457
40789.333,267.5370
40800.000,267.5370
40810.667,267.5370
40821.333,267.5370
40832.000,267.5370
40842.667,269.0869
40853.333,269.0869
40864.000,270.6457
40874.667,273.7904
40885.333,273.7904
40896.000,269.0869
40906.667,264.4641
40917.333,265.9961
40928.000,0.0000
40938.667,0.0000
40949.333,0.0000
40960.000,0.0000
40970.667,0.0000
40981.333,0.0000
40992.000,0.0000
41002.667,0.0000
41013.333,0.0000
41024.000,0.0000
41034.667,0.0000
41045.333,0.0000
41056.000,0.0000
41066.667,0.0000
41077.333,283.4456
41088.000,296.8509
41098.667,293.4413
41109.333,291.7512
41120.000,290.0708
41130.667,290.0708
41141.333,290.0708
41152.000,290.0708
41162.667,290.0708
41173.333,290.0708
41184.000,291.7512
41194.667,291.7512
41205.333,291.7512
41216.000,291.7512
41226.667,290.0708
41237.333,288.4001
41248.000,286.7391
41258.667,256.9353
41269.333,256.9353
41280.000,255.4555
41290.667,255.4555
41301.333,255.4555
41312.000,255.4555
41322.667,255.4555
41333.333,256.9353
41344.000,258.4237
41354.667,261.4265
41365.333,262.9409
41376.000,267.5370
41386.667,270.6457
41397.333,275.3765
41408.000,278.5762
41418.667,281.8131
41429.333,281.8131
41440.000,281.8131
41450.667,280.1900
41461.333,278.5762
41472.000,273.7904
41482.667,253.9842
41493.333,249.6209
41504.000,248.1832
41514.667,248.1832
41525.333,251.0669
41536.000,253.9842
41546.667,255.4555
41557.333,253.9842
41568.000,252.5213
41578.667,249.6209
41589.333,243.9195
41600.000,0.0000
41610.667,0.0000
41621.333,0.0000
41632.000,0.0000
41642.667,0.0000
41653.333,0.0000
41664.000,0.0000
41674.667,0.0000
41685.333,253.9842
41696.000,252.5213
41706.667,252.5213
41717.333,251.0669
41728.000,253.9842
41738.667,253.9842
41749.333,255.4555
41760.000,278.5762
41770.667,272.2135
41781.333,272.2135
41792.000,0.0000
41802.667,0.0000
41813.333,0.0000
41824.000,0.0000
41834.667,0.0000
41845.333,0.0000
41856.000,0.0000
41866.667,0.0000
41877.333,0.0000
41888.000,0.0000
41898.667,0.0000
41909.333,256.9353
41920.000,258.4237
41930.667,256.9353
41941.333,232.9045
41952.000,235.6107
41962.667,230.2294
41973.333,226.2742
41984.000,217.3076
41994.667,212.3443
42005.333,211.1213
42016.000,217.3076
42026.667,217.3076
42037.333,217.3076
42048.000,224.9709
42058.667,216.0560
42069.333,208.6963
42080.000,0.0000
42090.667,0.0000
42101.333,0.0000
42112.000,0.0000
42122.667,0.0000
42133.333,0.0000
42144.000,0.0000
42154.667,0.0000
42165.333,0.0000
42176.000,0.0000
42186.667,0.0000
42197.333,0.0000
42208.000,0.0000
42218.667,0.0000
42229.333,0.0000
42240.000,0.0000
42250.667,0.0000
42261.333,0.0000
42272.000,0.0000
42282.667,0.0000
42293.333,0.0000
42304.000,0.0000
42314.667,0.0000
42325.333,0.0000
42336.000,361.2686
42346.667,396.2484
42357.333,365.4663
42368.000,363.3614
42378.667,363.3614
42389.333,363.3614
42400.000,365.4663
42410.667,367.5835
42421.333,367.5835
42432.000,369.7129
42442.667,371.8546
42453.333,371.8546
42464.000,374.0087
42474.667,374.0087
42485.333,371.8546
42496.000,371.8546
42506.667,371.8546
42517.333,371.8546
42528.000,371.8546
42538.667,371.8546
42549.333,369.7129
42560.000,369.7129
42570.667,369.7129
42581.333,367.5835
42592.000,365.4663
42602.667,365.4663
42613.333,363.3614
42624.000,363.3614
42634.667,363.3614
42645.333,365.4663
42656.000,365.4663
42666.667,367.5835
42677.333,369.7129
42688.000,369.7129
42698.667,369.7129
42709.333,369.7129
42720.000,369.7129
42730.667,369.7129
42741.333,367.5835
42752.000,369.7129
42762.667,369.7129
42773.333,369.7129
42784.000,367.5835
42794.667,367.5835
42805.333,365.4663
42816.000,365.4663
42826.667,365.4663
42837.333,365.4663
42848.000,365.4663
42858.667,363.3614
42869.333,357.1191
42880.000,355.0622
42890.667,353.0172
42901.333,353.0172
42912.000,350.9840
42922.667,350.9840
42933.333,350.9840
42944.000,353.0172
42954.667,353.0172
42965.333,353.0172
42976.000,355.0622
42986.667,355.0622
42997.333,357.1191
43008.000,359.1879
43018.667,359.1879
43029.333,361.2686
43040.000,361.2686
43050.667,361.2686
43061.333,363.3614
43072.000,363.3614
43082.667,363.3614
43093.333,365.4663
43104.000,365.4663
43114.667,367.5835
43125.333,367.5835
43136.000,369.7129
43146.667,369.7129
43157.333,369.7129
43168.000,367.5835
43178.667,363.3614
43189.333,361.2686
43200.000,355.0622
43210.667,350.9840
43221.333,340.9922
43232.000,325.5935
43242.667,321.8537
43253.333,320.0000
43264.000,320.0000
43274.667,321.8537
43285.333,323.7182
43296.000,325.5935
43306.667,327.4796
43317.333,327.4796
43328.000,329.3767
43338.667,329.3767
43349.333,329.3767
43360.000,327.4796
43370.667,327.4796
43381.333,329.3767
43392.000,365.4663
43402.667,363.3614
43413.333,325.5935
43424.000,320.0000
43434.667,0.0000
43445.333,0.0000
43456.000,0.0000
43466.667,0.0000
43477.333,0.0000
43488.000,0.0000
43498.667,0.0000
43509.333,0.0000
43520.000,0.0000
43530.667,0.0000
43541.333,0.0000
43552.000,0.0000
43562.667,0.0000
43573.333,0.0000
43584.000,309.0996
43594.667,298.5706
43605.333,288.4001
43616.000,286.7391
43626.667,281.8131
43637.333,278.5762
43648.000,278.5762
43658.667,280.1900
43669.333,281.8131
43680.000,283.4456
43690.667,283.4456
43701.333,285.0876
43712.000,290.0708
43722.667,291.7512
43733.333,293.4413
43744.000,295.1412
43754.667,295.1412
43765.333,295.1412
43776.000,295.1412
43786.667,293.4413
43797.333,291.7512
43808.000,291.7512
43818.667,291.7512
43829.333,290.0708
43840.000,290.0708
43850.667,291.7512
43861.333,293.4413
43872.000,293.4413
43882.667,296.8509
43893.333,296.8509
43904.000,296.8509
43914.667,296.8509
43925.333,296.8509
43936.000,295.1412
43946.667,295.1412
43957.333,295.1412
43968.000,295.1412
43978.667,295.1412
43989.333,293.4413
44000.000,293.4413
44010.667,293.4413
44021.333,293.4413
44032.000,293.4413
44042.667,293.4413
44053.333,293.4413
44064.000,293.4413
44074.667,293.4413
44085.333,293.4413
44096.000,293.4413
44106.667,293.4413
44117.333,293.4413
44128.000,291.7512
44138.667,291.7512
44149.333,291.7512
44160.000,291.7512
44170.667,291.7512
44181.333,291.7512
44192.000,291.7512
44202.667,293.4413
44213.333,295.1412
44224.000,295.1412
44234.667,296.8509
44245.333,296.8509
44256.000,298.5706
44266.667,298.5706
44277.333,298.5706
44288.000,296.8509
44298.667,296.8509
44309.333,295.1412
44320.000,295.1412
44330.667,293.4413
44341.333,293.4413
44352.000,293.4413
44362.667,295.1412
44373.333,295.1412
44384.000,296.8509
44394.667,295.1412
44405.333,295.1412
44416.000,295.1412
44426.667,293.4413
44437.333,293.4413
44448.000,283.4456
44458.667,280.1900
44469.333,280.1900
44480.000,278.5762
44490.667,278.5762
44501.333,278.5762
44512.000,278.5762
44522.667,280.1900
44533.333,280.1900
44544.000,280.1900
44554.667,278.5762
44565.333,276.9717
44576.000,275.3765
44586.667,273.7904
44597.333,272.2135
44608.000,269.0869
44618.667,267.5370
44629.333,265.9961
44640.000,264.4641
44650.667,270.6457
44661.333,262.9409
44672.000,259.9208
44682.667,256.9353
44693.333,253.9842
44704.000,252.5213
44714.667,251.0669
44725.333,249.6209
44736.000,249.6209
44746.667,246.7537
44757.333,248.1832
44768.000,249.6209
44778.667,252.5213
44789.333,253.9842
44800.000,255.4555
44810.667,253.9842
44821.333,252.5213
44832.000,249.6209
44842.667,249.6209
44853.333,248.1832
44864.000,246.7537
44874.667,246.7537
44885.333,245.3325
44896.000,245.3325
44906.667,245.3325
44917.333,245.3325
44928.000,246.7537
44938.667,248.1832
44949.333,248.1832
44960.000,248.1832
44970.667,246.7537
44981.333,248.1832
44992.000,248.1832
45002.667,248.1832
45013.333,246.7537
45024.000,245.3325
45034.667,245.3325
45045.333,246.7537
45056.000,0.0000
45066.667,0.0000
45077.333,0.0000
45088.000,0.0000
45098.667,0.0000
45109.333,0.0000
45120.000,0.0000
45130.667,0.0000
45141.333,0.0000
45152.000,246.7537
45162.667,246.7537
45173.333,246.7537
45184.000,243.9195
45194.667,245.3325
45205.333,246.7537
45216.000,245.3325
45226.667,243.9195
45237.333,243.9195
45248.000,243.9195
45258.667,246.7537
45269.333,248.1832
45280.000,246.7537
45290.667,246.7537
45301.333,246.7537
45312.000,246.7537
45322.667,246.7537
45333.333,245.3325
45344.000,245.3325
45354.667,245.3325
45365.333,245.3325
45376.000,246.7537
45386.667,246.7537
45397.333,245.3325
45408.000,245.3325
45418.667,243.9195
45429.333,242.5147
45440.000,243.9195
45450.667,243.9195
45461.333,245.3325
45472.000,245.3325
45482.667,248.1832
45493.333,246.7537
45504.000,248.1832
45514.667,246.7537
45525.333,248.1832
45536.000,248.1832
45546.667,246.7537
45557.333,248.1832
45568.000,255.4555
45578.667,0.0000
45589.333,0.0000
45600.000,0.0000
45610.667,0.0000
45621.333,0.0000
45632.000,0.0000
45642.667,0.0000
45653.333,0.0000
45664.000,0.0000
45674.667,0.0000
45685.333,0.0000
45696.000,0.0000
45706.667,0.0000
45717.333,0.0000
45728.000,0.0000
45738.667,0.0000
45749.333,0.0000
45760.000,0.0000
45770.667,0.0000
45781.333,0.0000
45792.000,0.0000
45802.667,0.0000
45813.333,0.0000
45824.000,0.0000
45834.667,0.0000
45845.333,0.0000
45856.000,0.0000
45866.667,0.0000
45877.333,0.0000
45888.000,0.0000
45898.667,0.0000
45909.333,0.0000
45920.000,0.0000
45930.667,0.0000
45941.333,0.0000
45952.000,0.0000
45962.667,0.0000
45973.333,0.0000
45984.000,0.0000
45994.667,0.0000
46005.333,0.0000
46016.000,0.0000
46026.667,0.0000
46037.333,0.0000
46048.000,0.0000
46058.667,0.0000
46069.333,0.0000
46080.000,0.0000
46090.667,0.0000
46101.333,0.0000
46112.000,0.0000
46122.667,0.0000
46133.333,0.0000
46144.000,0.0000
46154.667,0.0000
46165.333,0.0000
46176.000,0.0000
46186.667,0.0000
46197.333,0.0000
46208.000,0.0000
46218.667,0.0000
46229.333,0.0000
46240.000,0.0000
46250.667,0.0000
46261.333,0.0000
46272.000,0.0000
46282.667,0.0000
46293.333,0.0000
46304.000,0.0000
46314.667,0.0000
46325.333,0.0000
46336.000,0.0000
46346.667,0.0000
46357.333,0.0000
46368.000,0.0000
46378.667,0.0000
46389.333,0.0000
46400.000,0.0000
46410.667,0.0000
46421.333,226.2742
46432.000,234.2537
46442.667,238.3484
46453.333,239.7291
46464.000,252.5213
46474.667,259.9208
46485.333,261.4265
46496.000,262.9409
46506.667,270.6457
46517.333,278.5762
46528.000,280.1900
46538.667,283.4456
46549.333,285.0876
46560.000,285.0876
46570.667,285.0876
46581.333,283.4456
46592.000,283.4456
46602.667,281.8131
46613.333,281.8131
46624.000,281.8131
46634.667,281.8131
46645.333,281.8131
46656.000,280.1900
46666.667,280.1900
46677.333,280.1900
46688.000,278.5762
46698.667,278.5762
46709.333,276.9717
46720.000,276.9717
46730.667,276.9717
46741.333,278.5762
46752.000,280.1900
46762.667,283.4456
46773.333,288.4001
46784.000,290.0708
46794.667,290.0708
46805.333,290.0708
46816.000,290.0708
46826.667,290.0708
46837.333,290.0708
46848.000,288.4001
46858.667,285.0876
46869.333,283.4456
46880.000,281.8131
46890.667,267.5370
46901.333,248.1832
46912.000,239.7291
46922.667,231.5631
46933.333,230.2294
46944.000,235.6107
46954.667,242.5147
46965.333,245.3325
46976.000,245.3325
46986.667,246.7537
46997.333,246.7537
47008.000,246.7537
47018.667,248.1832
47029.333,251.0669
47040.000,252.5213
47050.667,253.9842
47061.333,255.4555
47072.000,261.4265
47082.667,269.0869
47093.333,272.2135
47104.000,273.7904
47114.667,275.3765
47125.333,276.9717
47136.000,280.1900
47146.667,281.8131
47157.333,281.8131
47168.000,281.8131
47178.667,281.8131
47189.333,281.8131
47200.000,281.8131
47210.667,281.8131
47221.333,281.8131
47232.000,281.8131
47242.667,281.8131
47253.333,280.1900
47264.000,276.9717
47274.667,269.0869
47285.333,262.9409
47296.000,258.4237
47306.667,253.9842
47317.333,252.5213
47328.000,251.0669
47338.667,249.6209
47349.333,249.6209
47360.000,249.6209
47370.667,249.6209
47381.333,246.7537
47392.000,239.7291
47402.667,235.6107
47413.333,228.9033
47424.000,217.3076
47434.667,209.9053
47445.333,202.7552
47456.000,199.2719
47466.667,200.4263
47477.333,208.6963
47488.000,211.1213
47498.667,212.3443
47509.333,213.5744
47520.000,213.5744
47530.667,212.3443
47541.333,209.9053
47552.000,217.3076
47562.667,239.7291
47573.333,246.7537
47584.000,252.5213
47594.667,258.4237
47605.333,261.4265
47616.000,256.9353
47626.667,243.9195
47637.333,243.9195
47648.000,217.3076
47658.667,214.8116
47669.333,212.3443
47680.000,209.9053
47690.667,208.6963
47701.333,207.4943
47712.000,207.4943
47722.667,207.4943
47733.333,207.4943
47744.000,207.4943
47754.667,207.4943
47765.333,208.6963
47776.000,209.9053
47786.667,211.1213
47797.333,214.8116
47808.000,218.5664
47818.667,219.8326
47829.333,221.1061
47840.000,221.1061
47850.667,222.3869
47861.333,223.6752
47872.000,226.2742
47882.667,226.2742
47893.333,226.2742
47904.000,224.9709
47914.667,211.1213
47925.333,208.6963
47936.000,208.6963
47946.667,208.6963
47957.333,208.6963
47968.000,206.2992
47978.667,0.0000
47989.333,0.0000
48000.000,0.0000
48010.667,0.0000
48021.333,251.0669
48032.000,245.3325
48042.667,248.1832
48053.333,251.0669
48064.000,248.1832
48074.667,246.7537
48085.333,246.7537
48096.000,239.7291
48106.667,226.2742
48117.333,209.9053
48128.000,218.5664
48138.667,217.3076
48149.333,0.0000
48160.000,0.0000
48170.667,0.0000
48181.333,0.0000
48192.000,251.0669
48202.667,249.6209
48213.333,246.7537
48224.000,242.5147
48234.667,239.7291
48245.333,239.7291
48256.000,243.9195
48266.667,249.6209
48277.333,255.4555
48288.000,261.4265
48298.667,267.5370
48309.333,273.7904
48320.000,278.5762
48330.667,281.8131
48341.333,283.4456
48352.000,283.4456
48362.667,283.4456
48373.333,280.1900
48384.000,276.9717
48394.667,275.3765
48405.333,275.3765
48416.000,276.9717
48426.667,275.3765
48437.333,273.7904
48448.000,249.6209
48458.667,249.6209
48469.333,251.0669
48480.000,256.9353
48490.667,0.0000
48501.333,0.0000
48512.000,0.0000
48522.667,0.0000
48533.333,0.0000
48544.000,261.4265
48554.667,252.5213
48565.333,252.5213
48576.000,252.5213
48586.667,253.9842
48597.333,253.9842
48608.000,253.9842
48618.667,252.5213
48629.333,252.5213
48640.000,251.0669
48650.667,249.6209
48661.333,248.1832
48672.000,245.3325
48682.667,242.5147
48693.333,232.9045
48704.000,218.5664
48714.667,206.2992
48725.333,206.2992
48736.000,209.9053
48746.667,212.3443
48757.333,216.0560
48768.000,221.1061
48778.667,222.3869
48789.333,222.3869
48800.000,222.3869
48810.667,222.3869
48821.333,221.1061
48832.000,221.1061
48842.667,218.5664
48853.333,216.0560
48864.000,216.0560
48874.667,214.8116
48885.333,214.8116
48896.000,206.2992
48906.667,191.3754
48917.333,188.0877
48928.000,187.0044
48938.667,187.0044
48949.333,185.9273
48960.000,183.7917
48970.667,182.7332
48981.333,182.7332
48992.000,182.7332
49002.667,184.8564
49013.333,188.0877
49024.000,194.7206
49034.667,206.2992
49045.333,206.2992
49056.000,0.0000
49066.667,0.0000
49077.333,0.0000
49088.000,0.0000
49098.667,0.0000
49109.333,0.0000
49120.000,0.0000
49130.667,0.0000
49141.333,0.0000
49152.000,0.0000
49162.667,0.0000
49173.333,0.0000
49184.000,0.0000
49194.667,0.0000
49205.333,0.0000
49216.000,0.0000
49226.667,0.0000
49237.333,0.0000
49248.000,0.0000
49258.667,0.0000
49269.333,288.4001
49280.000,286.7391
49290.667,276.9717
49301.333,275.3765
49312.000,275.3765
49322.667,275.3765
49333.333,275.3765
49344.000,278.5762
49354.667,281.8131
49365.333,283.4456
49376.000,285.0876
49386.667,288.4001
49397.333,290.0708
49408.000,291.7512
49418.667,293.4413
49429.333,296.8509
49440.000,298.5706
49450.667,298.5706
49461.333,296.8509
49472.000,296.8509
49482.667,296.8509
49493.333,296.8509
49504.000,295.1412
49514.667,293.4413
49525.333,293.4413
49536.000,293.4413
49546.667,293.4413
49557.333,293.4413
49568.000,293.4413
49578.667,295.1412
49589.333,295.1412
49600.000,295.1412
49610.667,295.1412
49621.333,296.8509
49632.000,295.1412
49642.667,295.1412
49653.333,293.4413
49664.000,293.4413
49674.667,293.4413
49685.333,295.1412
49696.000,295.1412
49706.667,293.4413
49717.333,293.4413
49728.000,293.4413
49738.667,293.4413
49749.333,293.4413
49760.000,293.4413
49770.667,293.4413
49781.333,291.7512
49792.000,291.7512
49802.667,291.7512
49813.333,293.4413
49824.000,293.4413
49834.667,293.4413
49845.333,293.4413
49856.000,293.4413
49866.667,293.4413
49877.333,291.7512
49888.000,291.7512
49898.667,291.7512
49909.333,291.7512
49920.000,291.7512
49930.667,291.7512
49941.333,290.0708
49952.000,290.0708
49962.667,288.4001
49973.333,288.4001
49984.000,290.0708
49994.667,291.7512
50005.333,293.4413
50016.000,293.4413
50026.667,293.4413
50037.333,293.4413
50048.000,293.4413
50058.667,291.7512
50069.333,0.0000
50080.000,0.0000
50090.667,0.0000
50101.333,0.0000
50112.000,0.0000
50122.667,296.8509
50133.333,295.1412
50144.000,339.0282
50154.667,303.7895
50165.333,303.7895
50176.000,302.0398
50186.667,302.0398
50197.333,300.3002
50208.000,296.8509
50218.667,295.1412
50229.333,293.4413
50240.000,293.4413
50250.667,291.7512
50261.333,291.7512
50272.000,291.7512
50282.667,290.0708
50293.333,290.0708
50304.000,291.7512
50314.667,293.4413
50325.333,298.5706
50336.000,298.5706
50346.667,298.5706
50357.333,296.8509
50368.000,295.1412
50378.667,293.4413
50389.333,291.7512
50400.000,291.7512
50410.667,291.7512
50421.333,291.7512
50432.000,291.7512
50442.667,293.4413
50453.333,293.4413
50464.000,293.4413
50474.667,293.4413
50485.333,293.4413
50496.000,293.4413
50506.667,293.4413
50517.333,293.4413
50528.000,293.4413
50538.667,293.4413
50549.333,293.4413
50560.000,293.4413
50570.667,293.4413
50581.333,291.7512
50592.000,291.7512
50602.667,291.7512
50613.333,291.7512
50624.000,291.7512
50634.667,291.7512
50645.333,291.7512
50656.000,291.7512
50666.667,291.7512
50677.333,291.7512
50688.000,293.4413
50698.667,293.4413
50709.333,295.1412
50720.000,295.1412
50730.667,296.8509
50741.333,298.5706
50752.000,298.5706
50762.667,298.5706
50773.333,298.5706
50784.000,296.8509
50794.667,296.8509
50805.333,295.1412
50816.000,293.4413
50826.667,291.7512
50837.333,291.7512
50848.000,293.4413
50858.667,293.4413
50869.333,293.4413
50880.000,293.4413
50890.667,293.4413
50901.333,293.4413
50912.000,293.4413
50922.667,293.4413
50933.333,291.7512
50944.000,293.4413
50954.667,329.3767
50965.333,333.2039
50976.000,333.2039
50986.667,331.2848
50997.333,331.2848
51008.000,329.3767
51018.667,327.4796
51029.333,327.4796
51040.000,329.3767
51050.667,331.2848
51061.333,333.2039
51072.000,376.1753
51082.667,378.3545
51093.333,331.2848
51104.000,295.1412
51114.667,291.7512
51125.333,291.7512
51136.000,290.0708
51146.667,291.7512
51157.333,291.7512
51168.000,291.7512
51178.667,293.4413
51189.333,329.3767
51200.000,331.2848
51210.667,329.3767
51221.333,329.3767
51232.000,327.4796
51242.667,293.4413
51253.333,293.4413
51264.000,293.4413
51274.667,293.4413
51285.333,291.7512
51296.000,291.7512
51306.667,291.7512
51317.333,293.4413
51328.000,293.4413
51338.667,293.4413
51349.333,293.4413
51360.000,295.1412
51370.667,296.8509
51381.333,295.1412
51392.000,293.4413
51402.667,0.0000
51413.333,0.0000
51424.000,0.0000
51434.667,0.0000
51445.333,0.0000
51456.000,0.0000
51466.667,0.0000
51477.333,0.0000
51488.000,0.0000
51498.667,0.0000
51509.333,0.0000
51520.000,0.0000
51530.667,0.0000
51541.333,0.0000
51552.000,0.0000
51562.667,0.0000
51573.333,0.0000
51584.000,0.0000
51594.667,0.0000
51605.333,0.0000
51616.000,0.0000
51626.667,0.0000
51637.333,0.0000
51648.000,0.0000
51658.667,0.0000
51669.333,0.0000
51680.000,0.0000
51690.667,0.0000
51701.333,0.0000
51712.000,0.0000
51722.667,0.0000
51733.333,0.0000
51744.000,0.0000
51754.667,0.0000
51765.333,0.0000
51776.000,0.0000
51786.667,0.0000
51797.333,0.0000
51808.000,0.0000
51818.667,0.0000
51829.333,0.0000
51840.000,0.0000
51850.667,0.0000
51861.333,0.0000
51872.000,0.0000
51882.667,0.0000
51893.333,0.0000
51904.000,0.0000
51914.667,0.0000
51925.333,0.0000
51936.000,0.0000
51946.667,0.0000
51957.333,0.0000
51968.000,0.0000
51978.667,0.0000
51989.333,0.0000
52000.000,0.0000
52010.667,0.0000
52021.333,0.0000
52032.000,0.0000
52042.667,0.0000
52053.333,0.0000
52064.000,0.0000
52074.667,0.0000
52085.333,0.0000
52096.000,0.0000
52106.667,0.0000
52117.333,0.0000
52128.000,0.0000
52138.667,0.0000
52149.333,0.0000
52160.000,0.0000
52170.667,0.0000
52181.333,0.0000
52192.000,0.0000
52202.667,0.0000
52213.333,0.0000
52224.000,0.0000
52234.667,0.0000
52245.333,0.0000
52256.000,0.0000
52266.667,0.0000
52277.333,0.0000
52288.000,0.0000
52298.667,0.0000
52309.333,0.0000
52320.000,0.0000
52330.667,0.0000
52341.333,0.0000
52352.000,0.0000
52362.667,0.0000
52373.333,0.0000
52384.000,0.0000
52394.667,0.0000
52405.333,0.0000
52416.000,0.0000
52426.667,0.0000
52437.333,0.0000
52448.000,0.0000
52458.667,0.0000
52469.333,0.0000
52480.000,0.0000
52490.667,0.0000
52501.333,0.0000
52512.000,0.0000
52522.667,0.0000
52533.333,0.0000
52544.000,0.0000
52554.667,0.0000
52565.333,0.0000
52576.000,0.0000
52586.667,0.0000
52597.333,0.0000
52608.000,0.0000
52618.667,0.0000
52629.333,214.8116
52640.000,227.5850
52650.667,230.2294
52661.333,231.5631
52672.000,232.9045
52682.667,232.9045
52693.333,231.5631
52704.000,231.5631
52714.667,230.2294
52725.333,227.5850
52736.000,203.9297
52746.667,194.7206
52757.333,195.8486
52768.000,192.4840
52778.667,211.1213
52789.333,217.3076
52800.000,223.6752
52810.667,223.6752
52821.333,227.5850
52832.000,227.5850
52842.667,226.2742
52853.333,222.3869
52864.000,221.1061
52874.667,221.1061
52885.333,221.1061
52896.000,221.1061
52906.667,221.1061
52917.333,222.3869
52928.000,222.3869
52938.667,222.3869
52949.333,222.3869
52960.000,222.3869
52970.667,222.3869
52981.333,218.5664
52992.000,219.8326
53002.667,221.1061
53013.333,221.1061
53024.000,221.1061
53034.667,221.1061
53045.333,219.8326
53056.000,219.8326
53066.667,219.8326
53077.333,218.5664
53088.000,219.8326
53098.667,221.1061
53109.333,219.8326
53120.000,0.0000
53130.667,0.0000
53141.333,0.0000
53152.000,0.0000
53162.667,0.0000
53173.333,217.3076
53184.000,217.3076
53194.667,218.5664
53205.333,218.5664
53216.000,219.8326
53226.667,219.8326
53237.333,219.8326
53248.000,218.5664
53258.667,216.0560
53269.333,198.1242
53280.000,195.8486
53290.667,194.7206
53301.333,195.8486
53312.000,199.2719
53322.667,207.4943
53333.333,218.5664
53344.000,224.9709
53354.667,224.9709
53365.333,224.9709
53376.000,224.9709
53386.667,224.9709
53397.333,224.9709
53408.000,224.9709
53418.667,208.6963
53429.333,0.0000
53440.000,0.0000
53450.667,0.0000
53461.333,0.0000
53472.000,0.0000
53482.667,0.0000
53493.333,0.0000
53504.000,0.0000
53514.667,0.0000
53525.333,223.6752
53536.000,223.6752
53546.667,222.3869
53557.333,222.3869
53568.000,213.5744
53578.667,212.3443
53589.333,211.1213
53600.000,211.1213
53610.667,212.3443
53621.333,212.3443
53632.000,216.0560
53642.667,218.5664
53653.333,219.8326
53664.000,218.5664
53674.667,217.3076
53685.333,216.0560
53696.000,213.5744
53706.667,209.9053
53717.333,207.4943
53728.000,206.2992
53738.667,205.1111
53749.333,203.9297
53760.000,218.5664
53770.667,213.5744
53781.333,199.2719
53792.000,200.4263
53802.667,200.4263
53813.333,208.6963
53824.000,207.4943
53834.667,207.4943
53845.333,218.5664
53856.000,222.3869
53866.667,221.1061
53877.333,221.1061
53888.000,216.0560
53898.667,216.0560
53909.333,209.9053
53920.000,211.1213
53930.667,212.3443
53941.333,0.0000
53952.000,0.0000
53962.667,0.0000
53973.333,0.0000
53984.000,0.0000
53994.667,0.0000
